Etiquette,Presentation (FR)
1P.IMPERFECT_VERB.IVSUFF_SUBJ.IVSUFF_DO:3FS,"marqueur de personne à l'inaccompli, 1re pers. pl. [coquille : préfixe IV manquant] + verbe à l'inaccompli (imperfectif) + suffixe sujet du verbe à l'inaccompli + suffixe clitique objet direct sur le verbe à l'inaccompli (3e pers. fém. sg.)"
ADJ-MSA.NSUFF_FEM_SG,"adjectif (arabe standard, MSA) + suffixe nominal féminin singulier"
ADJ-foreign.NSUFF_FEM_SG,adjectif d'origine étrangère + suffixe nominal féminin singulier
ADJ-foreign.NSUFF_MASC_PL,adjectif d'origine étrangère + suffixe nominal masculin pluriel
ADJ.IVSUFF_SUBJ,adjectif + suffixe sujet du verbe à l'inaccompli
ADJ.IVSUFF_SUBJ.IVSUFF_DO:1P,adjectif + suffixe sujet du verbe à l'inaccompli + suffixe clitique objet direct sur le verbe à l'inaccompli (1re pers. pl.)
ADJ.IVSUFF_SUBJ.IVSUFF_DO:1S,adjectif + suffixe sujet du verbe à l'inaccompli + suffixe clitique objet direct sur le verbe à l'inaccompli (1re pers. sg.)
ADJ.IVSUFF_SUBJ.IVSUFF_DO:2S,adjectif + suffixe sujet du verbe à l'inaccompli + suffixe clitique objet direct sur le verbe à l'inaccompli (2e pers. sg.)
ADJ.IVSUFF_SUBJ.IVSUFF_DO:3FS,adjectif + suffixe sujet du verbe à l'inaccompli + suffixe clitique objet direct sur le verbe à l'inaccompli (3e pers. fém. sg.)
ADJ.IVSUFF_SUBJ.IVSUFF_DO:3MP,adjectif + suffixe sujet du verbe à l'inaccompli + suffixe clitique objet direct sur le verbe à l'inaccompli (3e pers. masc. pl.)
ADJ.IVSUFF_SUBJ.IVSUFF_DO:3MS,adjectif + suffixe sujet du verbe à l'inaccompli + suffixe clitique objet direct sur le verbe à l'inaccompli (3e pers. masc. sg.)
ADJ.IVSUFF_SUBJ.PVSUFF_DO:3MS,adjectif + suffixe sujet du verbe à l'inaccompli + suffixe clitique objet direct sur le verbe à l'accompli (3e pers. masc. sg.)
ADJ.NSUFF_FEM_PL,adjectif + suffixe nominal féminin pluriel
ADJ.NSUFF_FEM_SG,adjectif + suffixe nominal féminin singulier
ADJ.NSUFF_FEM_SG.IVSUFF_DO:1S,adjectif + suffixe nominal féminin singulier + suffixe clitique objet direct sur le verbe à l'inaccompli (1re pers. sg.)
ADJ.NSUFF_FEM_SG.IVSUFF_DO:2S,adjectif + suffixe nominal féminin singulier + suffixe clitique objet direct sur le verbe à l'inaccompli (2e pers. sg.)
ADJ.NSUFF_FEM_SG.IVSUFF_DO:3FS,adjectif + suffixe nominal féminin singulier + suffixe clitique objet direct sur le verbe à l'inaccompli (3e pers. fém. sg.)
ADJ.NSUFF_FEM_SG.IVSUFF_DO:3MP,adjectif + suffixe nominal féminin singulier + suffixe clitique objet direct sur le verbe à l'inaccompli (3e pers. masc. pl.)
ADJ.NSUFF_FEM_SG.IVSUFF_DO:3MS,adjectif + suffixe nominal féminin singulier + suffixe clitique objet direct sur le verbe à l'inaccompli (3e pers. masc. sg.)
ADJ.NSUFF_FEM_SG.POSS_PRON_1S,"adjectif + suffixe nominal féminin singulier + pronom possessif, 1re pers. sg."
ADJ.NSUFF_FEM_SG.POSS_PRON_2S,"adjectif + suffixe nominal féminin singulier + pronom possessif, 2e pers. sg."
ADJ.NSUFF_FEM_SG.POSS_PRON_3FS,"adjectif + suffixe nominal féminin singulier + pronom possessif, 3e pers. fém. sg."
ADJ.NSUFF_FEM_SG.POSS_PRON_3MS,"adjectif + suffixe nominal féminin singulier + pronom possessif, 3e pers. masc. sg."
ADJ.NSUFF_MASC_PL,adjectif + suffixe nominal masculin pluriel
ADJ.NSUFF_MASC_PL.IVSUFF_DO:1S,adjectif + suffixe nominal masculin pluriel + suffixe clitique objet direct sur le verbe à l'inaccompli (1re pers. sg.)
ADJ.NSUFF_MASC_PL.IVSUFF_DO:3FS,adjectif + suffixe nominal masculin pluriel + suffixe clitique objet direct sur le verbe à l'inaccompli (3e pers. fém. sg.)
ADJ.NSUFF_MASC_PL.IVSUFF_DO:3MP,adjectif + suffixe nominal masculin pluriel + suffixe clitique objet direct sur le verbe à l'inaccompli (3e pers. masc. pl.)
ADJ.NSUFF_MASC_PL.IVSUFF_DO:3MS,adjectif + suffixe nominal masculin pluriel + suffixe clitique objet direct sur le verbe à l'inaccompli (3e pers. masc. sg.)
ADJ.NSUFF_MASC_PL.NEG,adjectif + suffixe nominal masculin pluriel + marque de négation
ADJ.POSS_PRON_1P,"adjectif + pronom possessif, 1re pers. pl."
ADJ.POSS_PRON_1S,"adjectif + pronom possessif, 1re pers. sg."
ADJ.POSS_PRON_2S,"adjectif + pronom possessif, 2e pers. sg."
ADJ.POSS_PRON_3FS,"adjectif + pronom possessif, 3e pers. fém. sg."
ADJ.POSS_PRON_3MP,"adjectif + pronom possessif, 3e pers. masc. pl."
ADJ.POSS_PRON_3MS,"adjectif + pronom possessif, 3e pers. masc. sg."
ADV-MSA.NSUFF_INDEF,"adverbe (arabe standard, MSA) + suffixe nominal indéfini (tanwin)"
ADV-MSA.NSUFF_MASC_SG_ACC_INDEF,"adverbe (arabe standard, MSA) + suffixe nominal masculin singulier, accusatif indéfini (tanwin al-fatha)"
ADV.ADJ,adverbe + adjectif
ADV.ADJ.NSUFF_MASC_PL.IVSUFF_DO:3FS,adverbe + adjectif + suffixe nominal masculin pluriel + suffixe clitique objet direct sur le verbe à l'inaccompli (3e pers. fém. sg.)
ADV.ADV,adverbe + adverbe
ADV.DET.ADJ,adverbe + déterminant (article défini) + adjectif
ADV.DET.ADJ.NSUFF_FEM_SG,adverbe + déterminant (article défini) + adjectif + suffixe nominal féminin singulier
ADV.DET.NOUN,adverbe + déterminant (article défini) + nom
ADV.DET.NOUN-Foreign,adverbe + déterminant (article défini) + nom d'origine étrangère
ADV.DET.NOUN.NSUFF_FEM_PL,adverbe + déterminant (article défini) + nom + suffixe nominal féminin pluriel
ADV.DET.NOUN.NSUFF_FEM_SG,adverbe + déterminant (article défini) + nom + suffixe nominal féminin singulier
ADV.DET.NOUN.POSS_PRON_1S,"adverbe + déterminant (article défini) + nom + pronom possessif, 1re pers. sg."
ADV.DET.NOUN.POSS_PRON_2MP,"adverbe + déterminant (article défini) + nom + pronom possessif, 2e pers. masc. pl."
ADV.IMPERATIVE_VERB.CVSUFF_SUBJ:2FS.CVSUFF_DO:1S,adverbe + verbe à l'impératif + suffixe sujet du verbe à l'impératif (2e pers. fém. sg.) + suffixe clitique objet direct sur le verbe à l'impératif (1re pers. sg.)
ADV.IMPERATIVE_VERB.CVSUFF_SUBJ:2MS,adverbe + verbe à l'impératif + suffixe sujet du verbe à l'impératif (2e pers. masc. sg.)
ADV.IMPERATIVE_VERB.CVSUFF_SUBJ:2MS.CVSUFF_DO:1S,adverbe + verbe à l'impératif + suffixe sujet du verbe à l'impératif (2e pers. masc. sg.) + suffixe clitique objet direct sur le verbe à l'impératif (1re pers. sg.)
ADV.IMPERATIVE_VERB.CVSUFF_SUBJ:2S,adverbe + verbe à l'impératif + suffixe sujet du verbe à l'impératif (2e pers. sg.)
ADV.IV1P.IMPERFECT_VERB.IVSUFF_SUBJ:P,"adverbe + marqueur de personne à l'inaccompli, 1re pers. pl. + verbe à l'inaccompli (imperfectif) + suffixe sujet du verbe à l'inaccompli (pl.)"
ADV.IV1S.IMPERFECT_VERB.IVSUFF_SUBJ,"adverbe + marqueur de personne à l'inaccompli, 1re pers. sg. + verbe à l'inaccompli (imperfectif) + suffixe sujet du verbe à l'inaccompli"
ADV.IV2S.IMPERFECT_VERB.IVSUFF_SUBJ,"adverbe + marqueur de personne à l'inaccompli, 2e pers. sg. + verbe à l'inaccompli (imperfectif) + suffixe sujet du verbe à l'inaccompli"
ADV.IV3FS.IMPERFECT_VERB.IVSUFF_SUBJ,"adverbe + marqueur de personne à l'inaccompli, 3e pers. fém. sg. + verbe à l'inaccompli (imperfectif) + suffixe sujet du verbe à l'inaccompli"
ADV.IV3MS.IMPERFECT_VERB.IVSUFF_SUBJ,"adverbe + marqueur de personne à l'inaccompli, 3e pers. masc. sg. + verbe à l'inaccompli (imperfectif) + suffixe sujet du verbe à l'inaccompli"
ADV.IV3P.IMPERFECT_VERB.IVSUFF_SUBJ:P,"adverbe + marqueur de personne à l'inaccompli, 3e pers. pl. + verbe à l'inaccompli (imperfectif) + suffixe sujet du verbe à l'inaccompli (pl.)"
ADV.NOUN,adverbe + nom
ADV.NOUN.NSUFF_FEM_SG,adverbe + nom + suffixe nominal féminin singulier
ADV.NSUFF_FEM_SG,adverbe + suffixe nominal féminin singulier
ADV.NSUFF_INDEF,adverbe + suffixe nominal indéfini (tanwin)
ADV.NSUFF_MASC_SG_ACC_INDEF,"adverbe + suffixe nominal masculin singulier, accusatif indéfini (tanwin al-fatha)"
ADV.PERFECT_VERB.PVSUFF_SUBJ:1P,adverbe + verbe à l'accompli (perfectif) + suffixe sujet du verbe à l'accompli (1re pers. pl.)
ADV.PERFECT_VERB.PVSUFF_SUBJ:1S,adverbe + verbe à l'accompli (perfectif) + suffixe sujet du verbe à l'accompli (1re pers. sg.)
ADV.PERFECT_VERB.PVSUFF_SUBJ:1S.PVSUFF_DO:3MS,adverbe + verbe à l'accompli (perfectif) + suffixe sujet du verbe à l'accompli (1re pers. sg.) + suffixe clitique objet direct sur le verbe à l'accompli (3e pers. masc. sg.)
ADV.PERFECT_VERB.PVSUFF_SUBJ:2S,adverbe + verbe à l'accompli (perfectif) + suffixe sujet du verbe à l'accompli (2e pers. sg.)
ADV.PERFECT_VERB.PVSUFF_SUBJ:3F,adverbe + verbe à l'accompli (perfectif) + suffixe sujet du verbe à l'accompli (3e pers. fém. sg.)
ADV.PERFECT_VERB.PVSUFF_SUBJ:3MS,adverbe + verbe à l'accompli (perfectif) + suffixe sujet du verbe à l'accompli (3e pers. masc. sg.)
ADV.PERFECT_VERB.PVSUFF_SUBJ:3MS.PVSUFF_DO:3FS,adverbe + verbe à l'accompli (perfectif) + suffixe sujet du verbe à l'accompli (3e pers. masc. sg.) + suffixe clitique objet direct sur le verbe à l'accompli (3e pers. fém. sg.)
ADV.PERFECT_VERB.PVSUFF_SUBJ:3P,adverbe + verbe à l'accompli (perfectif) + suffixe sujet du verbe à l'accompli (3e pers. pl.)
ADV.PERFECT_VERB.PVSUFF_SUBJ:3P.PVSUFF_DO:1S,adverbe + verbe à l'accompli (perfectif) + suffixe sujet du verbe à l'accompli (3e pers. pl.) + suffixe clitique objet direct sur le verbe à l'accompli (1re pers. sg.)
ADV.POSS_PRON_1P,"adverbe + pronom possessif, 1re pers. pl."
ADV.POSS_PRON_1S,"adverbe + pronom possessif, 1re pers. sg."
ADV.POSS_PRON_2MP,"adverbe + pronom possessif, 2e pers. masc. pl."
ADV.POSS_PRON_2S,"adverbe + pronom possessif, 2e pers. sg."
ADV.POSS_PRON_3FS,"adverbe + pronom possessif, 3e pers. fém. sg."
ADV.POSS_PRON_3MS,"adverbe + pronom possessif, 3e pers. masc. sg."
ADV.PREP.DEM_PRON_S,adverbe + préposition + pronom démonstratif singulier
ADV.PREP.DET.NOUN,adverbe + préposition + déterminant (article défini) + nom
ADV.PREP.DET.NOUN-Foreign,adverbe + préposition + déterminant (article défini) + nom d'origine étrangère
ADV.PREP.DET.NOUN.NSUFF_FEM_SG,adverbe + préposition + déterminant (article défini) + nom + suffixe nominal féminin singulier
ADV.PREP.NOUN.NSUFF_FEM_SG,adverbe + préposition + nom + suffixe nominal féminin singulier
ADV.PRG_PART.IV1S.IMPERFECT_VERB.IVSUFF_SUBJ.IVSUFF_DO:2S,"adverbe + particule de progressif (aspect progressif) + marqueur de personne à l'inaccompli, 1re pers. sg. + verbe à l'inaccompli (imperfectif) + suffixe sujet du verbe à l'inaccompli + suffixe clitique objet direct sur le verbe à l'inaccompli (2e pers. sg.)"
ADV.PRON_1P,"adverbe + pronom personnel, 1re pers. pl."
ADV.PRON_1S,"adverbe + pronom personnel, 1re pers. sg."
ADV.PRON_2FS,"adverbe + pronom personnel, 2e pers. fém. sg."
ADV.PRON_2MS,"adverbe + pronom personnel, 2e pers. masc. sg."
ADV.PRON_2S,"adverbe + pronom personnel, 2e pers. sg."
ADV.PRON_3FS,"adverbe + pronom personnel, 3e pers. fém. sg."
ADV.PRON_3MS,"adverbe + pronom personnel, 3e pers. masc. sg."
ADV.PRON_3P,"adverbe + pronom personnel, 3e pers. pl."
ADV.REL_PRON,adverbe + pronom relatif
ADV.V-foreign.PVSUFF_SUBJ:3F,adverbe + verbe conjugué d'origine étrangère + suffixe sujet du verbe à l'accompli (3e pers. fém. sg.)
ADV.V-foreign.PVSUFF_SUBJ:3MS,adverbe + verbe conjugué d'origine étrangère + suffixe sujet du verbe à l'accompli (3e pers. masc. sg.)
ADV_PART.NOUN-MSA,"particule adverbiale + nom (arabe standard, MSA)"
Adverb.PERFECT_VERB.PVSUFF_SUBJ:3MS,adverbe [variante orthographique de ADV] + verbe à l'accompli (perfectif) + suffixe sujet du verbe à l'accompli (3e pers. masc. sg.)
CONJ-MSA.IMPERATIVE_VERB_MSA.CVSUFF_SUBJ:2MS,"conjonction (arabe standard, MSA) + verbe à l'impératif (arabe standard, MSA) + suffixe sujet du verbe à l'impératif (2e pers. masc. sg.)"
CONJ-MSA.NOUN.POSS_PRON_1S,"conjonction (arabe standard, MSA) + nom + pronom possessif, 1re pers. sg."
CONJ-MSA.PRON_1S,"conjonction (arabe standard, MSA) + pronom personnel, 1re pers. sg."
CONJ-MSA.PRON_3FS,"conjonction (arabe standard, MSA) + pronom personnel, 3e pers. fém. sg."
CONJ.ADJ,conjonction (proclitique) + adjectif
CONJ.ADJ-MSA,"conjonction (proclitique) + adjectif (arabe standard, MSA)"
CONJ.ADJ-MSA.NSUFF_FEM_SG,"conjonction (proclitique) + adjectif (arabe standard, MSA) + suffixe nominal féminin singulier"
CONJ.ADJ-foreign,conjonction (proclitique) + adjectif d'origine étrangère
CONJ.ADJ.IVSUFF_SUBJ,conjonction (proclitique) + adjectif + suffixe sujet du verbe à l'inaccompli
CONJ.ADJ.IVSUFF_SUBJ.IVSUFF_DO:1S,conjonction (proclitique) + adjectif + suffixe sujet du verbe à l'inaccompli + suffixe clitique objet direct sur le verbe à l'inaccompli (1re pers. sg.)
CONJ.ADJ.IVSUFF_SUBJ.IVSUFF_DO:3FS,conjonction (proclitique) + adjectif + suffixe sujet du verbe à l'inaccompli + suffixe clitique objet direct sur le verbe à l'inaccompli (3e pers. fém. sg.)
CONJ.ADJ.NSUFF_FEM_SG,conjonction (proclitique) + adjectif + suffixe nominal féminin singulier
CONJ.ADJ.NSUFF_FEM_SG.IVSUFF_DO:1P,conjonction (proclitique) + adjectif + suffixe nominal féminin singulier + suffixe clitique objet direct sur le verbe à l'inaccompli (1re pers. pl.)
CONJ.ADJ.NSUFF_MASC_PL,conjonction (proclitique) + adjectif + suffixe nominal masculin pluriel
CONJ.ADJ.NSUFF_MASC_PL.IVSUFF_DO:3FS,conjonction (proclitique) + adjectif + suffixe nominal masculin pluriel + suffixe clitique objet direct sur le verbe à l'inaccompli (3e pers. fém. sg.)
CONJ.ADV,conjonction (proclitique) + adverbe
CONJ.ADV-MSA,"conjonction (proclitique) + adverbe (arabe standard, MSA)"
CONJ.ADV-MSA.NSUFF_INDEF,"conjonction (proclitique) + adverbe (arabe standard, MSA) + suffixe nominal indéfini (tanwin)"
CONJ.ADV-foreign,conjonction (proclitique) + adverbe d'origine étrangère
CONJ.ADV.NSUFF_FEM_SG,conjonction (proclitique) + adverbe + suffixe nominal féminin singulier
CONJ.ADV.NSUFF_INDEF,conjonction (proclitique) + adverbe + suffixe nominal indéfini (tanwin)
CONJ.ADV.PRG_PART.IV2FS.IMPERFECT_VERB.IVSUFF_SUBJ:2FS,"conjonction (proclitique) + adverbe + particule de progressif (aspect progressif) + marqueur de personne à l'inaccompli, 2e pers. fém. sg. + verbe à l'inaccompli (imperfectif) + suffixe sujet du verbe à l'inaccompli (2e pers. fém. sg.)"
CONJ.ADV.PRON_1S,"conjonction (proclitique) + adverbe + pronom personnel, 1re pers. sg."
CONJ.ADV.PRON_2FS,"conjonction (proclitique) + adverbe + pronom personnel, 2e pers. fém. sg."
CONJ.ADV.PRON_2S,"conjonction (proclitique) + adverbe + pronom personnel, 2e pers. sg."
CONJ.ADV.PRON_3FS,"conjonction (proclitique) + adverbe + pronom personnel, 3e pers. fém. sg."
CONJ.ADV.PRON_3MS,"conjonction (proclitique) + adverbe + pronom personnel, 3e pers. masc. sg."
CONJ.CONJ,conjonction (proclitique) + conjonction (proclitique)
CONJ.CONJ.DET.NOUN,conjonction (proclitique) + conjonction (proclitique) + déterminant (article défini) + nom
CONJ.CONJ.DET.NOUN.NSUFF_FEM_SG,conjonction (proclitique) + conjonction (proclitique) + déterminant (article défini) + nom + suffixe nominal féminin singulier
CONJ.CONJ.NSUFF_FEM_SG,conjonction (proclitique) + conjonction (proclitique) + suffixe nominal féminin singulier
CONJ.DEM_PRON,conjonction (proclitique) + pronom démonstratif
CONJ.DEM_PRON_FS,conjonction (proclitique) + pronom démonstratif féminin singulier
CONJ.DEM_PRON_FS_MSA,"conjonction (proclitique) + pronom démonstratif féminin singulier (arabe standard, MSA)"
CONJ.DEM_PRON_MS,conjonction (proclitique) + pronom démonstratif masculin singulier
CONJ.DEM_PRON_S,conjonction (proclitique) + pronom démonstratif singulier
CONJ.DET.ADJ,conjonction (proclitique) + déterminant (article défini) + adjectif
CONJ.DET.ADJ-MSA,"conjonction (proclitique) + déterminant (article défini) + adjectif (arabe standard, MSA)"
CONJ.DET.ADJ-MSA.NSUFF_FEM_SG,"conjonction (proclitique) + déterminant (article défini) + adjectif (arabe standard, MSA) + suffixe nominal féminin singulier"
CONJ.DET.ADJ-foreign,conjonction (proclitique) + déterminant (article défini) + adjectif d'origine étrangère
CONJ.DET.ADJ.NSUFF_FEM_SG,conjonction (proclitique) + déterminant (article défini) + adjectif + suffixe nominal féminin singulier
CONJ.DET.NOUN,conjonction (proclitique) + déterminant (article défini) + nom
CONJ.DET.NOUN-Foreign,conjonction (proclitique) + déterminant (article défini) + nom d'origine étrangère
CONJ.DET.NOUN-Foreign.NSUFF_FEM_PL,conjonction (proclitique) + déterminant (article défini) + nom d'origine étrangère + suffixe nominal féminin pluriel
CONJ.DET.NOUN-Foreign.NSUFF_FEM_SG,conjonction (proclitique) + déterminant (article défini) + nom d'origine étrangère + suffixe nominal féminin singulier
CONJ.DET.NOUN-MSA,"conjonction (proclitique) + déterminant (article défini) + nom (arabe standard, MSA)"
CONJ.DET.NOUN-MSA.NSUFF_FEM_PL,"conjonction (proclitique) + déterminant (article défini) + nom (arabe standard, MSA) + suffixe nominal féminin pluriel"
CONJ.DET.NOUN-MSA.NSUFF_FEM_SG,"conjonction (proclitique) + déterminant (article défini) + nom (arabe standard, MSA) + suffixe nominal féminin singulier"
CONJ.DET.NOUN.IVSUFF_SUBJ,conjonction (proclitique) + déterminant (article défini) + nom + suffixe sujet du verbe à l'inaccompli
CONJ.DET.NOUN.NSUFF_FEM_PL,conjonction (proclitique) + déterminant (article défini) + nom + suffixe nominal féminin pluriel
CONJ.DET.NOUN.NSUFF_FEM_SG,conjonction (proclitique) + déterminant (article défini) + nom + suffixe nominal féminin singulier
CONJ.DET.NOUN.NSUFF_MASC_PL,conjonction (proclitique) + déterminant (article défini) + nom + suffixe nominal masculin pluriel
CONJ.DET.PROPN,conjonction (proclitique) + déterminant (article défini) + nom propre
CONJ.EMPHATIC_PARTICLE.PRON_3MS,"conjonction (proclitique) + particule d'emphase + pronom personnel, 3e pers. masc. sg."
CONJ.EMP_PART.NOUN,conjonction (proclitique) + particule d'emphase (clitique) + nom
CONJ.EMP_PART.PRON_1S,"conjonction (proclitique) + particule d'emphase (clitique) + pronom personnel, 1re pers. sg."
CONJ.EMP_PART.PRON_2S,"conjonction (proclitique) + particule d'emphase (clitique) + pronom personnel, 2e pers. sg."
CONJ.EMP_PART.PRON_3FS,"conjonction (proclitique) + particule d'emphase (clitique) + pronom personnel, 3e pers. fém. sg."
CONJ.EMP_PART.PRON_3MS,"conjonction (proclitique) + particule d'emphase (clitique) + pronom personnel, 3e pers. masc. sg."
CONJ.EXCLAM_PART,conjonction (proclitique) + particule exclamative
CONJ.FUNC_WORD,conjonction (proclitique) + mot outil / mot fonctionnel
CONJ.FUNC_WORD-MSA,"conjonction (proclitique) + mot outil / mot fonctionnel (arabe standard, MSA)"
CONJ.FUNC_WORD-MSA.PRON_1P,"conjonction (proclitique) + mot outil / mot fonctionnel (arabe standard, MSA) + pronom personnel, 1re pers. pl."
CONJ.FUNC_WORD-MSA.PRON_3FS,"conjonction (proclitique) + mot outil / mot fonctionnel (arabe standard, MSA) + pronom personnel, 3e pers. fém. sg."
CONJ.FUNC_WORD.PRON_1S,"conjonction (proclitique) + mot outil / mot fonctionnel + pronom personnel, 1re pers. sg."
CONJ.FUNC_WORD.PRON_3FS,"conjonction (proclitique) + mot outil / mot fonctionnel + pronom personnel, 3e pers. fém. sg."
CONJ.FUNC_WORD.PRON_3MS,"conjonction (proclitique) + mot outil / mot fonctionnel + pronom personnel, 3e pers. masc. sg."
CONJ.FUT_PART.IMPERFECT_VERB.IVSUFF_SUBJ,conjonction (proclitique) + particule du futur + verbe à l'inaccompli (imperfectif) + suffixe sujet du verbe à l'inaccompli
CONJ.FUT_PART.IV1P.IMPERFECT_VERB.IVSUFF_SUBJ:P,"conjonction (proclitique) + particule du futur + marqueur de personne à l'inaccompli, 1re pers. pl. + verbe à l'inaccompli (imperfectif) + suffixe sujet du verbe à l'inaccompli (pl.)"
CONJ.FUT_PART.IV1P.IMPERFECT_VERB.IVSUFF_SUBJ:P.IVSUFF_DO:2MS,"conjonction (proclitique) + particule du futur + marqueur de personne à l'inaccompli, 1re pers. pl. + verbe à l'inaccompli (imperfectif) + suffixe sujet du verbe à l'inaccompli (pl.) + suffixe clitique objet direct sur le verbe à l'inaccompli (2e pers. masc. sg.)"
CONJ.FUT_PART.IV1S.IMPERFECT_VERB.IVSUFF_SUBJ,"conjonction (proclitique) + particule du futur + marqueur de personne à l'inaccompli, 1re pers. sg. + verbe à l'inaccompli (imperfectif) + suffixe sujet du verbe à l'inaccompli"
CONJ.FUT_PART.IV1S.IMPERFECT_VERB.IVSUFF_SUBJ.IVSUFF_DO:3FS,"conjonction (proclitique) + particule du futur + marqueur de personne à l'inaccompli, 1re pers. sg. + verbe à l'inaccompli (imperfectif) + suffixe sujet du verbe à l'inaccompli + suffixe clitique objet direct sur le verbe à l'inaccompli (3e pers. fém. sg.)"
CONJ.FUT_PART.IV2FS.IMPERFECT_VERB.IVSUFF_SUBJ:2FS,"conjonction (proclitique) + particule du futur + marqueur de personne à l'inaccompli, 2e pers. fém. sg. + verbe à l'inaccompli (imperfectif) + suffixe sujet du verbe à l'inaccompli (2e pers. fém. sg.)"
CONJ.FUT_PART.IV2S.IMPERFECT_VERB.IVSUFF_SUBJ,"conjonction (proclitique) + particule du futur + marqueur de personne à l'inaccompli, 2e pers. sg. + verbe à l'inaccompli (imperfectif) + suffixe sujet du verbe à l'inaccompli"
CONJ.FUT_PART.IV3FS.IMPERFECT_VERB.IVSUFF_SUBJ.IVSUFF_DO:1P,"conjonction (proclitique) + particule du futur + marqueur de personne à l'inaccompli, 3e pers. fém. sg. + verbe à l'inaccompli (imperfectif) + suffixe sujet du verbe à l'inaccompli + suffixe clitique objet direct sur le verbe à l'inaccompli (1re pers. pl.)"
CONJ.FUT_PART.IV3FS.IMPERFECT_VERB.IVSUFF_SUBJ.IVSUFF_DO:1S,"conjonction (proclitique) + particule du futur + marqueur de personne à l'inaccompli, 3e pers. fém. sg. + verbe à l'inaccompli (imperfectif) + suffixe sujet du verbe à l'inaccompli + suffixe clitique objet direct sur le verbe à l'inaccompli (1re pers. sg.)"
CONJ.FUT_PART.IV3P.IMPERFECT_VERB.IVSUFF_SUBJ:P,"conjonction (proclitique) + particule du futur + marqueur de personne à l'inaccompli, 3e pers. pl. + verbe à l'inaccompli (imperfectif) + suffixe sujet du verbe à l'inaccompli (pl.)"
CONJ.IMPERATIVE_VERB,conjonction (proclitique) + verbe à l'impératif
CONJ.IMPERATIVE_VERB.CVSUFF_SUBJ:2FS,conjonction (proclitique) + verbe à l'impératif + suffixe sujet du verbe à l'impératif (2e pers. fém. sg.)
CONJ.IMPERATIVE_VERB.CVSUFF_SUBJ:2FS.CVSUFF_DO:1S,conjonction (proclitique) + verbe à l'impératif + suffixe sujet du verbe à l'impératif (2e pers. fém. sg.) + suffixe clitique objet direct sur le verbe à l'impératif (1re pers. sg.)
CONJ.IMPERATIVE_VERB.CVSUFF_SUBJ:2FS.CVSUFF_DO:3FS,conjonction (proclitique) + verbe à l'impératif + suffixe sujet du verbe à l'impératif (2e pers. fém. sg.) + suffixe clitique objet direct sur le verbe à l'impératif (3e pers. fém. sg.)
CONJ.IMPERATIVE_VERB.CVSUFF_SUBJ:2MP,conjonction (proclitique) + verbe à l'impératif + suffixe sujet du verbe à l'impératif (2e pers. masc. pl.)
CONJ.IMPERATIVE_VERB.CVSUFF_SUBJ:2MP.CVSUFF_DO:1S,conjonction (proclitique) + verbe à l'impératif + suffixe sujet du verbe à l'impératif (2e pers. masc. pl.) + suffixe clitique objet direct sur le verbe à l'impératif (1re pers. sg.)
CONJ.IMPERATIVE_VERB.CVSUFF_SUBJ:2MP.CVSUFF_DO:3FS,conjonction (proclitique) + verbe à l'impératif + suffixe sujet du verbe à l'impératif (2e pers. masc. pl.) + suffixe clitique objet direct sur le verbe à l'impératif (3e pers. fém. sg.)
CONJ.IMPERATIVE_VERB.CVSUFF_SUBJ:2MS,conjonction (proclitique) + verbe à l'impératif + suffixe sujet du verbe à l'impératif (2e pers. masc. sg.)
CONJ.IMPERATIVE_VERB.CVSUFF_SUBJ:2MS.CVSUFF_DO:1S,conjonction (proclitique) + verbe à l'impératif + suffixe sujet du verbe à l'impératif (2e pers. masc. sg.) + suffixe clitique objet direct sur le verbe à l'impératif (1re pers. sg.)
CONJ.IMPERATIVE_VERB.CVSUFF_SUBJ:2MS.CVSUFF_DO:3MS,conjonction (proclitique) + verbe à l'impératif + suffixe sujet du verbe à l'impératif (2e pers. masc. sg.) + suffixe clitique objet direct sur le verbe à l'impératif (3e pers. masc. sg.)
CONJ.IMPERATIVE_VERB.CVSUFF_SUBJ:2S.CVSUFF_DO:1S,conjonction (proclitique) + verbe à l'impératif + suffixe sujet du verbe à l'impératif (2e pers. sg.) + suffixe clitique objet direct sur le verbe à l'impératif (1re pers. sg.)
CONJ.IMPERATIVE_VERB.CVSUFF_SUBJ:P.Prep.PRON_1S,"conjonction (proclitique) + verbe à l'impératif + suffixe sujet du verbe à l'impératif (pl.) + préposition [variante de casse] + pronom personnel, 1re pers. sg."
CONJ.IMPERFECT_VERB.IVSUFF_SUBJ,conjonction (proclitique) + verbe à l'inaccompli (imperfectif) + suffixe sujet du verbe à l'inaccompli
CONJ.IMPERFECT_VERB.IVSUFF_SUBJ:P.IVSUFF_DO:3MS,conjonction (proclitique) + verbe à l'inaccompli (imperfectif) + suffixe sujet du verbe à l'inaccompli (pl.) + suffixe clitique objet direct sur le verbe à l'inaccompli (3e pers. masc. sg.)
CONJ.INTERJ,conjonction (proclitique) + interjection
CONJ.INTERJ.NSUFF_INDEF,conjonction (proclitique) + interjection + suffixe nominal indéfini (tanwin)
CONJ.INTERJ.PRON_2FS,"conjonction (proclitique) + interjection + pronom personnel, 2e pers. fém. sg."
CONJ.INTERJ.PRON_3FS,"conjonction (proclitique) + interjection + pronom personnel, 3e pers. fém. sg."
CONJ.INTERJ.PRON_3P,"conjonction (proclitique) + interjection + pronom personnel, 3e pers. pl."
CONJ.INTERROG_PART,conjonction (proclitique) + particule interrogative
CONJ.INTERROG_PART.FUT_PART.IV1P.IMPERFECT_VERB.IVSUFF_SUBJ:P,"conjonction (proclitique) + particule interrogative + particule du futur + marqueur de personne à l'inaccompli, 1re pers. pl. + verbe à l'inaccompli (imperfectif) + suffixe sujet du verbe à l'inaccompli (pl.)"
CONJ.INTERROG_PART.PRON_2FS,"conjonction (proclitique) + particule interrogative + pronom personnel, 2e pers. fém. sg."
CONJ.INTERROG_PART.PRON_2S,"conjonction (proclitique) + particule interrogative + pronom personnel, 2e pers. sg."
CONJ.INTERROG_PART.PRON_3FS,"conjonction (proclitique) + particule interrogative + pronom personnel, 3e pers. fém. sg."
CONJ.IV1P.IMPERFECT_VERB.IVSUFF_SUBJ:P,"conjonction (proclitique) + marqueur de personne à l'inaccompli, 1re pers. pl. + verbe à l'inaccompli (imperfectif) + suffixe sujet du verbe à l'inaccompli (pl.)"
CONJ.IV1P.IMPERFECT_VERB.IVSUFF_SUBJ:P.IVSUFF_DO:3P,"conjonction (proclitique) + marqueur de personne à l'inaccompli, 1re pers. pl. + verbe à l'inaccompli (imperfectif) + suffixe sujet du verbe à l'inaccompli (pl.) + suffixe clitique objet direct sur le verbe à l'inaccompli (3e pers. pl.)"
CONJ.IV1S.IMPERFECT_VERB.IVSUFF_SUBJ,"conjonction (proclitique) + marqueur de personne à l'inaccompli, 1re pers. sg. + verbe à l'inaccompli (imperfectif) + suffixe sujet du verbe à l'inaccompli"
CONJ.IV1S.IMPERFECT_VERB.IVSUFF_SUBJ.IVSUFF_DO:2MP,"conjonction (proclitique) + marqueur de personne à l'inaccompli, 1re pers. sg. + verbe à l'inaccompli (imperfectif) + suffixe sujet du verbe à l'inaccompli + suffixe clitique objet direct sur le verbe à l'inaccompli (2e pers. masc. pl.)"
CONJ.IV1S.IMPERFECT_VERB.IVSUFF_SUBJ.IVSUFF_DO:2S,"conjonction (proclitique) + marqueur de personne à l'inaccompli, 1re pers. sg. + verbe à l'inaccompli (imperfectif) + suffixe sujet du verbe à l'inaccompli + suffixe clitique objet direct sur le verbe à l'inaccompli (2e pers. sg.)"
CONJ.IV1S.IMPERFECT_VERB.IVSUFF_SUBJ.IVSUFF_DO:3FS,"conjonction (proclitique) + marqueur de personne à l'inaccompli, 1re pers. sg. + verbe à l'inaccompli (imperfectif) + suffixe sujet du verbe à l'inaccompli + suffixe clitique objet direct sur le verbe à l'inaccompli (3e pers. fém. sg.)"
CONJ.IV1S.IMPERFECT_VERB.IVSUFF_SUBJ.IVSUFF_DO:3MP,"conjonction (proclitique) + marqueur de personne à l'inaccompli, 1re pers. sg. + verbe à l'inaccompli (imperfectif) + suffixe sujet du verbe à l'inaccompli + suffixe clitique objet direct sur le verbe à l'inaccompli (3e pers. masc. pl.)"
CONJ.IV1S.IMPERFECT_VERB.IVSUFF_SUBJ.IVSUFF_DO:3MS,"conjonction (proclitique) + marqueur de personne à l'inaccompli, 1re pers. sg. + verbe à l'inaccompli (imperfectif) + suffixe sujet du verbe à l'inaccompli + suffixe clitique objet direct sur le verbe à l'inaccompli (3e pers. masc. sg.)"
CONJ.IV1S.IMPERFECT_VERB.IVSUFF_SUBJ.PVSUFF_DO:3MS,"conjonction (proclitique) + marqueur de personne à l'inaccompli, 1re pers. sg. + verbe à l'inaccompli (imperfectif) + suffixe sujet du verbe à l'inaccompli + suffixe clitique objet direct sur le verbe à l'accompli (3e pers. masc. sg.)"
CONJ.IV1S.IMPERFECT_VERB.IVSUFF_SUBJ.Prep.PRON_2S,"conjonction (proclitique) + marqueur de personne à l'inaccompli, 1re pers. sg. + verbe à l'inaccompli (imperfectif) + suffixe sujet du verbe à l'inaccompli + préposition [variante de casse] + pronom personnel, 2e pers. sg."
CONJ.IV1S.IMPERFECT_VERB_MSA.IVSUFF_SUBJ,"conjonction (proclitique) + marqueur de personne à l'inaccompli, 1re pers. sg. + verbe à l'inaccompli (arabe standard, MSA) + suffixe sujet du verbe à l'inaccompli"
CONJ.IV1S.V-foreign.IVSUFF_SUBJ,"conjonction (proclitique) + marqueur de personne à l'inaccompli, 1re pers. sg. + verbe conjugué d'origine étrangère + suffixe sujet du verbe à l'inaccompli"
CONJ.IV2FS.IMPERFECT_VERB.IVSUFF_SUBJ:2FS.IVSUFF_DO:1S,"conjonction (proclitique) + marqueur de personne à l'inaccompli, 2e pers. fém. sg. + verbe à l'inaccompli (imperfectif) + suffixe sujet du verbe à l'inaccompli (2e pers. fém. sg.) + suffixe clitique objet direct sur le verbe à l'inaccompli (1re pers. sg.)"
CONJ.IV2FS.IMPERFECT_VERB.IVSUFF_SUBJ:2FS.IVSUFF_DO:3MS,"conjonction (proclitique) + marqueur de personne à l'inaccompli, 2e pers. fém. sg. + verbe à l'inaccompli (imperfectif) + suffixe sujet du verbe à l'inaccompli (2e pers. fém. sg.) + suffixe clitique objet direct sur le verbe à l'inaccompli (3e pers. masc. sg.)"
CONJ.IV2P.IMPERFECT_VERB.IVSUFF_SUBJ:P,"conjonction (proclitique) + marqueur de personne à l'inaccompli, 2e pers. pl. + verbe à l'inaccompli (imperfectif) + suffixe sujet du verbe à l'inaccompli (pl.)"
CONJ.IV2P.IMPERFECT_VERB.IVSUFF_SUBJ:P.IVSUFF_DO:3FS,"conjonction (proclitique) + marqueur de personne à l'inaccompli, 2e pers. pl. + verbe à l'inaccompli (imperfectif) + suffixe sujet du verbe à l'inaccompli (pl.) + suffixe clitique objet direct sur le verbe à l'inaccompli (3e pers. fém. sg.)"
CONJ.IV2S.IMPERFECT_VERB.IVSUFF_SUBJ,"conjonction (proclitique) + marqueur de personne à l'inaccompli, 2e pers. sg. + verbe à l'inaccompli (imperfectif) + suffixe sujet du verbe à l'inaccompli"
CONJ.IV2S.IMPERFECT_VERB_MSA.IVSUFF_SUBJ,"conjonction (proclitique) + marqueur de personne à l'inaccompli, 2e pers. sg. + verbe à l'inaccompli (arabe standard, MSA) + suffixe sujet du verbe à l'inaccompli"
CONJ.IV3FS.IMPERFECT_VERB.IVSUFF_SUBJ,"conjonction (proclitique) + marqueur de personne à l'inaccompli, 3e pers. fém. sg. + verbe à l'inaccompli (imperfectif) + suffixe sujet du verbe à l'inaccompli"
CONJ.IV3FS.IMPERFECT_VERB.IVSUFF_SUBJ.IVSUFF_DO:1S,"conjonction (proclitique) + marqueur de personne à l'inaccompli, 3e pers. fém. sg. + verbe à l'inaccompli (imperfectif) + suffixe sujet du verbe à l'inaccompli + suffixe clitique objet direct sur le verbe à l'inaccompli (1re pers. sg.)"
CONJ.IV3FS.IMPERFECT_VERB.IVSUFF_SUBJ.Prep.PRON_1S,"conjonction (proclitique) + marqueur de personne à l'inaccompli, 3e pers. fém. sg. + verbe à l'inaccompli (imperfectif) + suffixe sujet du verbe à l'inaccompli + préposition [variante de casse] + pronom personnel, 1re pers. sg."
CONJ.IV3FS.IMPERFECT_VERB_MSA.IVSUFF_SUBJ,"conjonction (proclitique) + marqueur de personne à l'inaccompli, 3e pers. fém. sg. + verbe à l'inaccompli (arabe standard, MSA) + suffixe sujet du verbe à l'inaccompli"
CONJ.IV3MS.IMPERFECT_VERB.IVSUFF_SUBJ,"conjonction (proclitique) + marqueur de personne à l'inaccompli, 3e pers. masc. sg. + verbe à l'inaccompli (imperfectif) + suffixe sujet du verbe à l'inaccompli"
CONJ.IV3MS.IMPERFECT_VERB.IVSUFF_SUBJ.IVSUFF_DO:1S,"conjonction (proclitique) + marqueur de personne à l'inaccompli, 3e pers. masc. sg. + verbe à l'inaccompli (imperfectif) + suffixe sujet du verbe à l'inaccompli + suffixe clitique objet direct sur le verbe à l'inaccompli (1re pers. sg.)"
CONJ.IV3MS.IMPERFECT_VERB.IVSUFF_SUBJ.IVSUFF_DO:2S,"conjonction (proclitique) + marqueur de personne à l'inaccompli, 3e pers. masc. sg. + verbe à l'inaccompli (imperfectif) + suffixe sujet du verbe à l'inaccompli + suffixe clitique objet direct sur le verbe à l'inaccompli (2e pers. sg.)"
CONJ.IV3MS.IMPERFECT_VERB.IVSUFF_SUBJ.IVSUFF_DO:3FS,"conjonction (proclitique) + marqueur de personne à l'inaccompli, 3e pers. masc. sg. + verbe à l'inaccompli (imperfectif) + suffixe sujet du verbe à l'inaccompli + suffixe clitique objet direct sur le verbe à l'inaccompli (3e pers. fém. sg.)"
CONJ.IV3MS.IMPERFECT_VERB.IVSUFF_SUBJ.IVSUFF_DO:3MS,"conjonction (proclitique) + marqueur de personne à l'inaccompli, 3e pers. masc. sg. + verbe à l'inaccompli (imperfectif) + suffixe sujet du verbe à l'inaccompli + suffixe clitique objet direct sur le verbe à l'inaccompli (3e pers. masc. sg.)"
CONJ.IV3MS.IV-foreign.IVSUFF_SUBJ,"conjonction (proclitique) + marqueur de personne à l'inaccompli, 3e pers. masc. sg. + marqueur de personne à l'inaccompli, verbe d'origine étrangère + suffixe sujet du verbe à l'inaccompli"
CONJ.IV3P.IMPERFECT_VERB.IVSUFF_SUBJ:P,"conjonction (proclitique) + marqueur de personne à l'inaccompli, 3e pers. pl. + verbe à l'inaccompli (imperfectif) + suffixe sujet du verbe à l'inaccompli (pl.)"
CONJ.IV3P.IMPERFECT_VERB.IVSUFF_SUBJ:P.IVSUFF_DO:2MS,"conjonction (proclitique) + marqueur de personne à l'inaccompli, 3e pers. pl. + verbe à l'inaccompli (imperfectif) + suffixe sujet du verbe à l'inaccompli (pl.) + suffixe clitique objet direct sur le verbe à l'inaccompli (2e pers. masc. sg.)"
CONJ.IV3P.IMPERFECT_VERB.IVSUFF_SUBJ:P.IVSUFF_DO:3FS,"conjonction (proclitique) + marqueur de personne à l'inaccompli, 3e pers. pl. + verbe à l'inaccompli (imperfectif) + suffixe sujet du verbe à l'inaccompli (pl.) + suffixe clitique objet direct sur le verbe à l'inaccompli (3e pers. fém. sg.)"
CONJ.NEG.ADJ.IVSUFF_SUBJ.IVSUFF_DO:1P.NEG,conjonction (proclitique) + marque de négation + adjectif + suffixe sujet du verbe à l'inaccompli + suffixe clitique objet direct sur le verbe à l'inaccompli (1re pers. pl.) + marque de négation
CONJ.NEG.ADJ.IVSUFF_SUBJ.NEG,conjonction (proclitique) + marque de négation + adjectif + suffixe sujet du verbe à l'inaccompli + marque de négation
CONJ.NEG.ADJ.NSUFF_FEM_SG.NEG,conjonction (proclitique) + marque de négation + adjectif + suffixe nominal féminin singulier + marque de négation
CONJ.NEG.ADV.PRON_3FS,"conjonction (proclitique) + marque de négation + adverbe + pronom personnel, 3e pers. fém. sg."
CONJ.NEG.FUT_PART.IV2.IMPERFECT_VERB.IVSUFF_SUBJ.IVSUFF_DO:3FS.NEG,"conjonction (proclitique) + marque de négation + particule du futur + marqueur de personne à l'inaccompli, 2e pers. + verbe à l'inaccompli (imperfectif) + suffixe sujet du verbe à l'inaccompli + suffixe clitique objet direct sur le verbe à l'inaccompli (3e pers. fém. sg.) + marque de négation"
CONJ.NEG.IMPERATIVE_VERB.CVSUFF_SUBJ:2MS,conjonction (proclitique) + marque de négation + verbe à l'impératif + suffixe sujet du verbe à l'impératif (2e pers. masc. sg.)
CONJ.NEG.IMPERFECT_VERB.IVSUFF_SUBJ.NEG,conjonction (proclitique) + marque de négation + verbe à l'inaccompli (imperfectif) + suffixe sujet du verbe à l'inaccompli + marque de négation
CONJ.NEG.IV1P.IMPERFECT_VERB.IVSUFF_SUBJ:P.NEG,"conjonction (proclitique) + marque de négation + marqueur de personne à l'inaccompli, 1re pers. pl. + verbe à l'inaccompli (imperfectif) + suffixe sujet du verbe à l'inaccompli (pl.) + marque de négation"
CONJ.NEG.IV1S.IMPERFECT_VERB.IVSUFF_SUBJ,"conjonction (proclitique) + marque de négation + marqueur de personne à l'inaccompli, 1re pers. sg. + verbe à l'inaccompli (imperfectif) + suffixe sujet du verbe à l'inaccompli"
CONJ.NEG.IV1S.IMPERFECT_VERB.IVSUFF_SUBJ.IVSUFF_DO:3MP.NEG,"conjonction (proclitique) + marque de négation + marqueur de personne à l'inaccompli, 1re pers. sg. + verbe à l'inaccompli (imperfectif) + suffixe sujet du verbe à l'inaccompli + suffixe clitique objet direct sur le verbe à l'inaccompli (3e pers. masc. pl.) + marque de négation"
CONJ.NEG.IV1S.IMPERFECT_VERB.IVSUFF_SUBJ.NEG,"conjonction (proclitique) + marque de négation + marqueur de personne à l'inaccompli, 1re pers. sg. + verbe à l'inaccompli (imperfectif) + suffixe sujet du verbe à l'inaccompli + marque de négation"
CONJ.NEG.IV2FS.IMPERFECT_VERB.IVSUFF_SUBJ:2FS.NEG,"conjonction (proclitique) + marque de négation + marqueur de personne à l'inaccompli, 2e pers. fém. sg. + verbe à l'inaccompli (imperfectif) + suffixe sujet du verbe à l'inaccompli (2e pers. fém. sg.) + marque de négation"
CONJ.NEG.IV2P.IMPERFECT_VERB.IVSUFF_SUBJ:P.NEG,"conjonction (proclitique) + marque de négation + marqueur de personne à l'inaccompli, 2e pers. pl. + verbe à l'inaccompli (imperfectif) + suffixe sujet du verbe à l'inaccompli (pl.) + marque de négation"
CONJ.NEG.IV3FS.IMPERFECT_VERB.IVSUFF_SUBJ.NEG,"conjonction (proclitique) + marque de négation + marqueur de personne à l'inaccompli, 3e pers. fém. sg. + verbe à l'inaccompli (imperfectif) + suffixe sujet du verbe à l'inaccompli + marque de négation"
CONJ.NEG.IV3MS.IMPERFECT_VERB.IVSUFF_SUBJ.IVSUFF_DO:3MS.NEG,"conjonction (proclitique) + marque de négation + marqueur de personne à l'inaccompli, 3e pers. masc. sg. + verbe à l'inaccompli (imperfectif) + suffixe sujet du verbe à l'inaccompli + suffixe clitique objet direct sur le verbe à l'inaccompli (3e pers. masc. sg.) + marque de négation"
CONJ.NEG.IV3P.IMPERFECT_VERB.IVSUFF_SUBJ:P.NEG,"conjonction (proclitique) + marque de négation + marqueur de personne à l'inaccompli, 3e pers. pl. + verbe à l'inaccompli (imperfectif) + suffixe sujet du verbe à l'inaccompli (pl.) + marque de négation"
CONJ.NEG.NOUN.NSUFF_MASC_PL.NEG,conjonction (proclitique) + marque de négation + nom + suffixe nominal masculin pluriel + marque de négation
CONJ.NEG.PERFECT_VERB-MSA.PVSUFF_SUBJ:1S.NEG,"conjonction (proclitique) + marque de négation + verbe à l'accompli (arabe standard, MSA) + suffixe sujet du verbe à l'accompli (1re pers. sg.) + marque de négation"
CONJ.NEG.PERFECT_VERB.PVSUFF_SUBJ:1P,conjonction (proclitique) + marque de négation + verbe à l'accompli (perfectif) + suffixe sujet du verbe à l'accompli (1re pers. pl.)
CONJ.NEG.PERFECT_VERB.PVSUFF_SUBJ:1S,conjonction (proclitique) + marque de négation + verbe à l'accompli (perfectif) + suffixe sujet du verbe à l'accompli (1re pers. sg.)
CONJ.NEG.PERFECT_VERB.PVSUFF_SUBJ:1S.NEG,conjonction (proclitique) + marque de négation + verbe à l'accompli (perfectif) + suffixe sujet du verbe à l'accompli (1re pers. sg.) + marque de négation
CONJ.NEG.PERFECT_VERB.PVSUFF_SUBJ:1S.PVSUFF_DO:3MS.NEG,conjonction (proclitique) + marque de négation + verbe à l'accompli (perfectif) + suffixe sujet du verbe à l'accompli (1re pers. sg.) + suffixe clitique objet direct sur le verbe à l'accompli (3e pers. masc. sg.) + marque de négation
CONJ.NEG.PERFECT_VERB.PVSUFF_SUBJ:2S,conjonction (proclitique) + marque de négation + verbe à l'accompli (perfectif) + suffixe sujet du verbe à l'accompli (2e pers. sg.)
CONJ.NEG.PERFECT_VERB.PVSUFF_SUBJ:3F,conjonction (proclitique) + marque de négation + verbe à l'accompli (perfectif) + suffixe sujet du verbe à l'accompli (3e pers. fém. sg.)
CONJ.NEG.PERFECT_VERB.PVSUFF_SUBJ:3F.NEG,conjonction (proclitique) + marque de négation + verbe à l'accompli (perfectif) + suffixe sujet du verbe à l'accompli (3e pers. fém. sg.) + marque de négation
CONJ.NEG.PERFECT_VERB.PVSUFF_SUBJ:3F.PVSUFF_DO:1S.NEG,conjonction (proclitique) + marque de négation + verbe à l'accompli (perfectif) + suffixe sujet du verbe à l'accompli (3e pers. fém. sg.) + suffixe clitique objet direct sur le verbe à l'accompli (1re pers. sg.) + marque de négation
CONJ.NEG.PERFECT_VERB.PVSUFF_SUBJ:3MS,conjonction (proclitique) + marque de négation + verbe à l'accompli (perfectif) + suffixe sujet du verbe à l'accompli (3e pers. masc. sg.)
CONJ.NEG.PERFECT_VERB.PVSUFF_SUBJ:3MS.NEG,conjonction (proclitique) + marque de négation + verbe à l'accompli (perfectif) + suffixe sujet du verbe à l'accompli (3e pers. masc. sg.) + marque de négation
CONJ.NEG.PERFECT_VERB.PVSUFF_SUBJ:3MS.PVSUFF_DO:1S.NEG,conjonction (proclitique) + marque de négation + verbe à l'accompli (perfectif) + suffixe sujet du verbe à l'accompli (3e pers. masc. sg.) + suffixe clitique objet direct sur le verbe à l'accompli (1re pers. sg.) + marque de négation
CONJ.NEG.PERFECT_VERB.PVSUFF_SUBJ:P.NEG,conjonction (proclitique) + marque de négation + verbe à l'accompli (perfectif) + suffixe sujet du verbe à l'accompli (pl.) + marque de négation
CONJ.NEG.PERFECT_VERB.PVSUFF_SUBJ:P.PVSUFF_DO:1P.NEG,conjonction (proclitique) + marque de négation + verbe à l'accompli (perfectif) + suffixe sujet du verbe à l'accompli (pl.) + suffixe clitique objet direct sur le verbe à l'accompli (1re pers. pl.) + marque de négation
CONJ.NEG.PREP.PRON_1S,"conjonction (proclitique) + marque de négation + préposition + pronom personnel, 1re pers. sg."
CONJ.NEG.PREP.PRON_3MS.NEG,"conjonction (proclitique) + marque de négation + préposition + pronom personnel, 3e pers. masc. sg. + marque de négation"
CONJ.NEG.PRG_PART.IV1S.IMPERFECT_VERB.IVSUFF_SUBJ,"conjonction (proclitique) + marque de négation + particule de progressif (aspect progressif) + marqueur de personne à l'inaccompli, 1re pers. sg. + verbe à l'inaccompli (imperfectif) + suffixe sujet du verbe à l'inaccompli"
CONJ.NEG.PRG_PART.IV1S.IMPERFECT_VERB.IVSUFF_SUBJ.NEG,"conjonction (proclitique) + marque de négation + particule de progressif (aspect progressif) + marqueur de personne à l'inaccompli, 1re pers. sg. + verbe à l'inaccompli (imperfectif) + suffixe sujet du verbe à l'inaccompli + marque de négation"
CONJ.NEG.PRG_PART.IV3FS.IMPERFECT_VERB.IVSUFF_SUBJ.IVSUFF_DO:3FS.NEG,"conjonction (proclitique) + marque de négation + particule de progressif (aspect progressif) + marqueur de personne à l'inaccompli, 3e pers. fém. sg. + verbe à l'inaccompli (imperfectif) + suffixe sujet du verbe à l'inaccompli + suffixe clitique objet direct sur le verbe à l'inaccompli (3e pers. fém. sg.) + marque de négation"
CONJ.NEG.PRG_PART.IV3FS.IMPERFECT_VERB.IVSUFF_SUBJ.IVSUFF_DO:3MS.NEG,"conjonction (proclitique) + marque de négation + particule de progressif (aspect progressif) + marqueur de personne à l'inaccompli, 3e pers. fém. sg. + verbe à l'inaccompli (imperfectif) + suffixe sujet du verbe à l'inaccompli + suffixe clitique objet direct sur le verbe à l'inaccompli (3e pers. masc. sg.) + marque de négation"
CONJ.NEG.PRG_PART.IV3MS.IMPERFECT_VERB.IVSUFF_SUBJ.IVSUFF_DO:1S.NEG,"conjonction (proclitique) + marque de négation + particule de progressif (aspect progressif) + marqueur de personne à l'inaccompli, 3e pers. masc. sg. + verbe à l'inaccompli (imperfectif) + suffixe sujet du verbe à l'inaccompli + suffixe clitique objet direct sur le verbe à l'inaccompli (1re pers. sg.) + marque de négation"
CONJ.NEG.PRG_PART.IV3MS.IMPERFECT_VERB.IVSUFF_SUBJ.NEG,"conjonction (proclitique) + marque de négation + particule de progressif (aspect progressif) + marqueur de personne à l'inaccompli, 3e pers. masc. sg. + verbe à l'inaccompli (imperfectif) + suffixe sujet du verbe à l'inaccompli + marque de négation"
CONJ.NEG_PART,conjonction (proclitique) + particule de négation
CONJ.NOUN,conjonction (proclitique) + nom
CONJ.NOUN-Foreign,conjonction (proclitique) + nom d'origine étrangère
CONJ.NOUN-Foreign.NSUFF_FEM_SG,conjonction (proclitique) + nom d'origine étrangère + suffixe nominal féminin singulier
CONJ.NOUN-Foreign.NSUFF_FEM_SG.POSS_PRON_1S,"conjonction (proclitique) + nom d'origine étrangère + suffixe nominal féminin singulier + pronom possessif, 1re pers. sg."
CONJ.NOUN-Foreign.NSUFF_FEM_SG.POSS_PRON_3MS,"conjonction (proclitique) + nom d'origine étrangère + suffixe nominal féminin singulier + pronom possessif, 3e pers. masc. sg."
CONJ.NOUN-Foreign.PRON_1S,"conjonction (proclitique) + nom d'origine étrangère + pronom personnel, 1re pers. sg."
CONJ.NOUN-MSA,"conjonction (proclitique) + nom (arabe standard, MSA)"
CONJ.NOUN-MSA.NSUFF_FEM_PL,"conjonction (proclitique) + nom (arabe standard, MSA) + suffixe nominal féminin pluriel"
CONJ.NOUN-MSA.NSUFF_FEM_SG,"conjonction (proclitique) + nom (arabe standard, MSA) + suffixe nominal féminin singulier"
CONJ.NOUN-MSA.NSUFF_FEM_SG.POSS_PRON_1S,"conjonction (proclitique) + nom (arabe standard, MSA) + suffixe nominal féminin singulier + pronom possessif, 1re pers. sg."
CONJ.NOUN-MSA.NSUFF_FEM_SG.POSS_PRON_3MP,"conjonction (proclitique) + nom (arabe standard, MSA) + suffixe nominal féminin singulier + pronom possessif, 3e pers. masc. pl."
CONJ.NOUN-MSA.NSUFF_MASC_DU,"conjonction (proclitique) + nom (arabe standard, MSA) + suffixe nominal masculin duel"
CONJ.NOUN-MSA.POSS_PRON_3MS,"conjonction (proclitique) + nom (arabe standard, MSA) + pronom possessif, 3e pers. masc. sg."
CONJ.NOUN.IVSUFF_SUBJ,conjonction (proclitique) + nom + suffixe sujet du verbe à l'inaccompli
CONJ.NOUN.IVSUFF_SUBJ.IVSUFF_DO:1P,conjonction (proclitique) + nom + suffixe sujet du verbe à l'inaccompli + suffixe clitique objet direct sur le verbe à l'inaccompli (1re pers. pl.)
CONJ.NOUN.IVSUFF_SUBJ.IVSUFF_DO:1S,conjonction (proclitique) + nom + suffixe sujet du verbe à l'inaccompli + suffixe clitique objet direct sur le verbe à l'inaccompli (1re pers. sg.)
CONJ.NOUN.IVSUFF_SUBJ.IVSUFF_DO:3FS,conjonction (proclitique) + nom + suffixe sujet du verbe à l'inaccompli + suffixe clitique objet direct sur le verbe à l'inaccompli (3e pers. fém. sg.)
CONJ.NOUN.IVSUFF_SUBJ.IVSUFF_DO:3MS,conjonction (proclitique) + nom + suffixe sujet du verbe à l'inaccompli + suffixe clitique objet direct sur le verbe à l'inaccompli (3e pers. masc. sg.)
CONJ.NOUN.NSUFF_FEM_PL.POSS_PRON_1S,"conjonction (proclitique) + nom + suffixe nominal féminin pluriel + pronom possessif, 1re pers. sg."
CONJ.NOUN.NSUFF_FEM_PL.POSS_PRON_3MP,"conjonction (proclitique) + nom + suffixe nominal féminin pluriel + pronom possessif, 3e pers. masc. pl."
CONJ.NOUN.NSUFF_FEM_PL.POSS_PRON_3MS,"conjonction (proclitique) + nom + suffixe nominal féminin pluriel + pronom possessif, 3e pers. masc. sg."
CONJ.NOUN.NSUFF_FEM_SG,conjonction (proclitique) + nom + suffixe nominal féminin singulier
CONJ.NOUN.NSUFF_FEM_SG.POSS_PRON_1S,"conjonction (proclitique) + nom + suffixe nominal féminin singulier + pronom possessif, 1re pers. sg."
CONJ.NOUN.NSUFF_FEM_SG.POSS_PRON_2S,"conjonction (proclitique) + nom + suffixe nominal féminin singulier + pronom possessif, 2e pers. sg."
CONJ.NOUN.NSUFF_FEM_SG.POSS_PRON_3FS,"conjonction (proclitique) + nom + suffixe nominal féminin singulier + pronom possessif, 3e pers. fém. sg."
CONJ.NOUN.NSUFF_FEM_SG.POSS_PRON_3MS,"conjonction (proclitique) + nom + suffixe nominal féminin singulier + pronom possessif, 3e pers. masc. sg."
CONJ.NOUN.NSUFF_MASC,conjonction (proclitique) + nom + suffixe nominal masculin
CONJ.NOUN.NSUFF_MASC.POSS_PRON_3FS,"conjonction (proclitique) + nom + suffixe nominal masculin + pronom possessif, 3e pers. fém. sg."
CONJ.NOUN.NSUFF_MASC_DU.POSS_PRON_3FS,"conjonction (proclitique) + nom + suffixe nominal masculin duel + pronom possessif, 3e pers. fém. sg."
CONJ.NOUN.NSUFF_MASC_PL,conjonction (proclitique) + nom + suffixe nominal masculin pluriel
CONJ.NOUN.NSUFF_MASC_PL.IVSUFF_DO:3FS,conjonction (proclitique) + nom + suffixe nominal masculin pluriel + suffixe clitique objet direct sur le verbe à l'inaccompli (3e pers. fém. sg.)
CONJ.NOUN.POSS_PRON_1P,"conjonction (proclitique) + nom + pronom possessif, 1re pers. pl."
CONJ.NOUN.POSS_PRON_1S,"conjonction (proclitique) + nom + pronom possessif, 1re pers. sg."
CONJ.NOUN.POSS_PRON_2S,"conjonction (proclitique) + nom + pronom possessif, 2e pers. sg."
CONJ.NOUN.POSS_PRON_3FS,"conjonction (proclitique) + nom + pronom possessif, 3e pers. fém. sg."
CONJ.NOUN.POSS_PRON_3MP,"conjonction (proclitique) + nom + pronom possessif, 3e pers. masc. pl."
CONJ.NOUN.POSS_PRON_3MS,"conjonction (proclitique) + nom + pronom possessif, 3e pers. masc. sg."
CONJ.NOUN.PRON_1S,"conjonction (proclitique) + nom + pronom personnel, 1re pers. sg."
CONJ.NOUN.PRON_3FS,"conjonction (proclitique) + nom + pronom personnel, 3e pers. fém. sg."
CONJ.NSUFF_MASC_PL,conjonction (proclitique) + suffixe nominal masculin pluriel
CONJ.Noun.PRON_1S,"conjonction (proclitique) + nom [variante de casse de NOUN] + pronom personnel, 1re pers. sg."
CONJ.PERFECT_VERB-MSA.PVSUFF_SUBJ:1P,"conjonction (proclitique) + verbe à l'accompli (arabe standard, MSA) + suffixe sujet du verbe à l'accompli (1re pers. pl.)"
CONJ.PERFECT_VERB-MSA.PVSUFF_SUBJ:1S,"conjonction (proclitique) + verbe à l'accompli (arabe standard, MSA) + suffixe sujet du verbe à l'accompli (1re pers. sg.)"
CONJ.PERFECT_VERB-MSA.PVSUFF_SUBJ:3F.PVSUFF_DO:1S,"conjonction (proclitique) + verbe à l'accompli (arabe standard, MSA) + suffixe sujet du verbe à l'accompli (3e pers. fém. sg.) + suffixe clitique objet direct sur le verbe à l'accompli (1re pers. sg.)"
CONJ.PERFECT_VERB-MSA.PVSUFF_SUBJ:3MS.PVSUFF_DO:3FS,"conjonction (proclitique) + verbe à l'accompli (arabe standard, MSA) + suffixe sujet du verbe à l'accompli (3e pers. masc. sg.) + suffixe clitique objet direct sur le verbe à l'accompli (3e pers. fém. sg.)"
CONJ.PERFECT_VERB-MSA.PVSUFF_SUBJ:3P,"conjonction (proclitique) + verbe à l'accompli (arabe standard, MSA) + suffixe sujet du verbe à l'accompli (3e pers. pl.)"
CONJ.PERFECT_VERB.IVSUFF_SUBJ.IVSUFF_DO:1P,conjonction (proclitique) + verbe à l'accompli (perfectif) + suffixe sujet du verbe à l'inaccompli + suffixe clitique objet direct sur le verbe à l'inaccompli (1re pers. pl.)
CONJ.PERFECT_VERB.PVSUFF_SUBJ3P.PVSUFF_DO:3MS,"conjonction (proclitique) + verbe à l'accompli (perfectif) + suffixe sujet du verbe à l'accompli, 3e pers. pl. [coquille de notation] + suffixe clitique objet direct sur le verbe à l'accompli (3e pers. masc. sg.)"
CONJ.PERFECT_VERB.PVSUFF_SUBJ:1P,conjonction (proclitique) + verbe à l'accompli (perfectif) + suffixe sujet du verbe à l'accompli (1re pers. pl.)
CONJ.PERFECT_VERB.PVSUFF_SUBJ:1P.PVSUFF_DO:3MS,conjonction (proclitique) + verbe à l'accompli (perfectif) + suffixe sujet du verbe à l'accompli (1re pers. pl.) + suffixe clitique objet direct sur le verbe à l'accompli (3e pers. masc. sg.)
CONJ.PERFECT_VERB.PVSUFF_SUBJ:1S,conjonction (proclitique) + verbe à l'accompli (perfectif) + suffixe sujet du verbe à l'accompli (1re pers. sg.)
CONJ.PERFECT_VERB.PVSUFF_SUBJ:1S.PVSUFF_DO:2P,conjonction (proclitique) + verbe à l'accompli (perfectif) + suffixe sujet du verbe à l'accompli (1re pers. sg.) + suffixe clitique objet direct sur le verbe à l'accompli (2e pers. pl.)
CONJ.PERFECT_VERB.PVSUFF_SUBJ:1S.PVSUFF_DO:2S,conjonction (proclitique) + verbe à l'accompli (perfectif) + suffixe sujet du verbe à l'accompli (1re pers. sg.) + suffixe clitique objet direct sur le verbe à l'accompli (2e pers. sg.)
CONJ.PERFECT_VERB.PVSUFF_SUBJ:1S.PVSUFF_DO:3FS,conjonction (proclitique) + verbe à l'accompli (perfectif) + suffixe sujet du verbe à l'accompli (1re pers. sg.) + suffixe clitique objet direct sur le verbe à l'accompli (3e pers. fém. sg.)
CONJ.PERFECT_VERB.PVSUFF_SUBJ:1S.PVSUFF_DO:3MP,conjonction (proclitique) + verbe à l'accompli (perfectif) + suffixe sujet du verbe à l'accompli (1re pers. sg.) + suffixe clitique objet direct sur le verbe à l'accompli (3e pers. masc. pl.)
CONJ.PERFECT_VERB.PVSUFF_SUBJ:1S.PVSUFF_DO:3MS,conjonction (proclitique) + verbe à l'accompli (perfectif) + suffixe sujet du verbe à l'accompli (1re pers. sg.) + suffixe clitique objet direct sur le verbe à l'accompli (3e pers. masc. sg.)
CONJ.PERFECT_VERB.PVSUFF_SUBJ:1S.Prep.PRON_2S,"conjonction (proclitique) + verbe à l'accompli (perfectif) + suffixe sujet du verbe à l'accompli (1re pers. sg.) + préposition [variante de casse] + pronom personnel, 2e pers. sg."
CONJ.PERFECT_VERB.PVSUFF_SUBJ:1S.Prep.PRON_3MF,"conjonction (proclitique) + verbe à l'accompli (perfectif) + suffixe sujet du verbe à l'accompli (1re pers. sg.) + préposition [variante de casse] + pronom personnel, 3e pers. masc./fém. sg."
CONJ.PERFECT_VERB.PVSUFF_SUBJ:1S.Prep.PRON_3P,"conjonction (proclitique) + verbe à l'accompli (perfectif) + suffixe sujet du verbe à l'accompli (1re pers. sg.) + préposition [variante de casse] + pronom personnel, 3e pers. pl."
CONJ.PERFECT_VERB.PVSUFF_SUBJ:2FS.PVSUFF_DO:1P,conjonction (proclitique) + verbe à l'accompli (perfectif) + suffixe sujet du verbe à l'accompli (2e pers. fém. sg.) + suffixe clitique objet direct sur le verbe à l'accompli (1re pers. pl.)
CONJ.PERFECT_VERB.PVSUFF_SUBJ:2FS.PVSUFF_DO:1S,conjonction (proclitique) + verbe à l'accompli (perfectif) + suffixe sujet du verbe à l'accompli (2e pers. fém. sg.) + suffixe clitique objet direct sur le verbe à l'accompli (1re pers. sg.)
CONJ.PERFECT_VERB.PVSUFF_SUBJ:2P,conjonction (proclitique) + verbe à l'accompli (perfectif) + suffixe sujet du verbe à l'accompli (2e pers. pl.)
CONJ.PERFECT_VERB.PVSUFF_SUBJ:2S,conjonction (proclitique) + verbe à l'accompli (perfectif) + suffixe sujet du verbe à l'accompli (2e pers. sg.)
CONJ.PERFECT_VERB.PVSUFF_SUBJ:2S.PVSUFF_DO:1S,conjonction (proclitique) + verbe à l'accompli (perfectif) + suffixe sujet du verbe à l'accompli (2e pers. sg.) + suffixe clitique objet direct sur le verbe à l'accompli (1re pers. sg.)
CONJ.PERFECT_VERB.PVSUFF_SUBJ:3F,conjonction (proclitique) + verbe à l'accompli (perfectif) + suffixe sujet du verbe à l'accompli (3e pers. fém. sg.)
CONJ.PERFECT_VERB.PVSUFF_SUBJ:3F.PVSUFF_DO:1P,conjonction (proclitique) + verbe à l'accompli (perfectif) + suffixe sujet du verbe à l'accompli (3e pers. fém. sg.) + suffixe clitique objet direct sur le verbe à l'accompli (1re pers. pl.)
CONJ.PERFECT_VERB.PVSUFF_SUBJ:3F.PVSUFF_DO:1S,conjonction (proclitique) + verbe à l'accompli (perfectif) + suffixe sujet du verbe à l'accompli (3e pers. fém. sg.) + suffixe clitique objet direct sur le verbe à l'accompli (1re pers. sg.)
CONJ.PERFECT_VERB.PVSUFF_SUBJ:3F.PVSUFF_DO:2P,conjonction (proclitique) + verbe à l'accompli (perfectif) + suffixe sujet du verbe à l'accompli (3e pers. fém. sg.) + suffixe clitique objet direct sur le verbe à l'accompli (2e pers. pl.)
CONJ.PERFECT_VERB.PVSUFF_SUBJ:3F.PVSUFF_DO:3FS,conjonction (proclitique) + verbe à l'accompli (perfectif) + suffixe sujet du verbe à l'accompli (3e pers. fém. sg.) + suffixe clitique objet direct sur le verbe à l'accompli (3e pers. fém. sg.)
CONJ.PERFECT_VERB.PVSUFF_SUBJ:3F.PVSUFF_DO:3MP,conjonction (proclitique) + verbe à l'accompli (perfectif) + suffixe sujet du verbe à l'accompli (3e pers. fém. sg.) + suffixe clitique objet direct sur le verbe à l'accompli (3e pers. masc. pl.)
CONJ.PERFECT_VERB.PVSUFF_SUBJ:3F.PVSUFF_DO:3MS,conjonction (proclitique) + verbe à l'accompli (perfectif) + suffixe sujet du verbe à l'accompli (3e pers. fém. sg.) + suffixe clitique objet direct sur le verbe à l'accompli (3e pers. masc. sg.)
CONJ.PERFECT_VERB.PVSUFF_SUBJ:3F.Prep.PRON_1S,"conjonction (proclitique) + verbe à l'accompli (perfectif) + suffixe sujet du verbe à l'accompli (3e pers. fém. sg.) + préposition [variante de casse] + pronom personnel, 1re pers. sg."
CONJ.PERFECT_VERB.PVSUFF_SUBJ:3F.Prep.PRON_3MS,"conjonction (proclitique) + verbe à l'accompli (perfectif) + suffixe sujet du verbe à l'accompli (3e pers. fém. sg.) + préposition [variante de casse] + pronom personnel, 3e pers. masc. sg."
CONJ.PERFECT_VERB.PVSUFF_SUBJ:3MS,conjonction (proclitique) + verbe à l'accompli (perfectif) + suffixe sujet du verbe à l'accompli (3e pers. masc. sg.)
CONJ.PERFECT_VERB.PVSUFF_SUBJ:3MS.PVSUFF_DO:1P,conjonction (proclitique) + verbe à l'accompli (perfectif) + suffixe sujet du verbe à l'accompli (3e pers. masc. sg.) + suffixe clitique objet direct sur le verbe à l'accompli (1re pers. pl.)
CONJ.PERFECT_VERB.PVSUFF_SUBJ:3MS.PVSUFF_DO:1S,conjonction (proclitique) + verbe à l'accompli (perfectif) + suffixe sujet du verbe à l'accompli (3e pers. masc. sg.) + suffixe clitique objet direct sur le verbe à l'accompli (1re pers. sg.)
CONJ.PERFECT_VERB.PVSUFF_SUBJ:3MS.PVSUFF_DO:2S,conjonction (proclitique) + verbe à l'accompli (perfectif) + suffixe sujet du verbe à l'accompli (3e pers. masc. sg.) + suffixe clitique objet direct sur le verbe à l'accompli (2e pers. sg.)
CONJ.PERFECT_VERB.PVSUFF_SUBJ:3MS.PVSUFF_DO:3FS,conjonction (proclitique) + verbe à l'accompli (perfectif) + suffixe sujet du verbe à l'accompli (3e pers. masc. sg.) + suffixe clitique objet direct sur le verbe à l'accompli (3e pers. fém. sg.)
CONJ.PERFECT_VERB.PVSUFF_SUBJ:3MS.PVSUFF_DO:3MS,conjonction (proclitique) + verbe à l'accompli (perfectif) + suffixe sujet du verbe à l'accompli (3e pers. masc. sg.) + suffixe clitique objet direct sur le verbe à l'accompli (3e pers. masc. sg.)
CONJ.PERFECT_VERB.PVSUFF_SUBJ:3MS.PVSUFF_DO:3P,conjonction (proclitique) + verbe à l'accompli (perfectif) + suffixe sujet du verbe à l'accompli (3e pers. masc. sg.) + suffixe clitique objet direct sur le verbe à l'accompli (3e pers. pl.)
CONJ.PERFECT_VERB.PVSUFF_SUBJ:3MS.Prep.PRON_1S,"conjonction (proclitique) + verbe à l'accompli (perfectif) + suffixe sujet du verbe à l'accompli (3e pers. masc. sg.) + préposition [variante de casse] + pronom personnel, 1re pers. sg."
CONJ.PERFECT_VERB.PVSUFF_SUBJ:3MS.Prep.PRON_2S,"conjonction (proclitique) + verbe à l'accompli (perfectif) + suffixe sujet du verbe à l'accompli (3e pers. masc. sg.) + préposition [variante de casse] + pronom personnel, 2e pers. sg."
CONJ.PERFECT_VERB.PVSUFF_SUBJ:3MS.Prep.PRON_3MF,"conjonction (proclitique) + verbe à l'accompli (perfectif) + suffixe sujet du verbe à l'accompli (3e pers. masc. sg.) + préposition [variante de casse] + pronom personnel, 3e pers. masc./fém. sg."
CONJ.PERFECT_VERB.PVSUFF_SUBJ:3MS.Prep.PRON_3MS,"conjonction (proclitique) + verbe à l'accompli (perfectif) + suffixe sujet du verbe à l'accompli (3e pers. masc. sg.) + préposition [variante de casse] + pronom personnel, 3e pers. masc. sg."
CONJ.PERFECT_VERB.PVSUFF_SUBJ:3MS.Prep.PRON_3P,"conjonction (proclitique) + verbe à l'accompli (perfectif) + suffixe sujet du verbe à l'accompli (3e pers. masc. sg.) + préposition [variante de casse] + pronom personnel, 3e pers. pl."
CONJ.PERFECT_VERB.PVSUFF_SUBJ:3P,conjonction (proclitique) + verbe à l'accompli (perfectif) + suffixe sujet du verbe à l'accompli (3e pers. pl.)
CONJ.PERFECT_VERB.PVSUFF_SUBJ:3P.PVSUFF_DO:1P,conjonction (proclitique) + verbe à l'accompli (perfectif) + suffixe sujet du verbe à l'accompli (3e pers. pl.) + suffixe clitique objet direct sur le verbe à l'accompli (1re pers. pl.)
CONJ.PERFECT_VERB.PVSUFF_SUBJ:3P.PVSUFF_DO:1S,conjonction (proclitique) + verbe à l'accompli (perfectif) + suffixe sujet du verbe à l'accompli (3e pers. pl.) + suffixe clitique objet direct sur le verbe à l'accompli (1re pers. sg.)
CONJ.PERFECT_VERB.PVSUFF_SUBJ:3P.PVSUFF_DO:3MS,conjonction (proclitique) + verbe à l'accompli (perfectif) + suffixe sujet du verbe à l'accompli (3e pers. pl.) + suffixe clitique objet direct sur le verbe à l'accompli (3e pers. masc. sg.)
CONJ.PERFECT_VERB.PVSUFF_SUBJ:P.PVSUFF_DO:1P,conjonction (proclitique) + verbe à l'accompli (perfectif) + suffixe sujet du verbe à l'accompli (pl.) + suffixe clitique objet direct sur le verbe à l'accompli (1re pers. pl.)
CONJ.PERFECT_VERB.PVSUFF_SUBJ:P.PVSUFF_DO:1S,conjonction (proclitique) + verbe à l'accompli (perfectif) + suffixe sujet du verbe à l'accompli (pl.) + suffixe clitique objet direct sur le verbe à l'accompli (1re pers. sg.)
CONJ.PERFECT_VERB.PVSUFF_SUBJ:P.PVSUFF_DO:3FS,conjonction (proclitique) + verbe à l'accompli (perfectif) + suffixe sujet du verbe à l'accompli (pl.) + suffixe clitique objet direct sur le verbe à l'accompli (3e pers. fém. sg.)
CONJ.PERFECT_VERB.PVSUFF_SUBJ:P.Prep.PRON_3MF,"conjonction (proclitique) + verbe à l'accompli (perfectif) + suffixe sujet du verbe à l'accompli (pl.) + préposition [variante de casse] + pronom personnel, 3e pers. masc./fém. sg."
CONJ.PERFECT_VERB.SUFF_SUBJ:3MS.Prep.PRON_1S,"conjonction (proclitique) + verbe à l'accompli (perfectif) + suffixe sujet [coquille : préfixe IV/PV manquant] (3e pers. masc. sg.) + préposition [variante de casse] + pronom personnel, 1re pers. sg."
CONJ.PREP,conjonction (proclitique) + préposition
CONJ.PREP-MSA,"conjonction (proclitique) + préposition (arabe standard, MSA)"
CONJ.PREP-MSA.NOUN-MSA,"conjonction (proclitique) + préposition (arabe standard, MSA) + nom (arabe standard, MSA)"
CONJ.PREP.ADJ,conjonction (proclitique) + préposition + adjectif
CONJ.PREP.ADV,conjonction (proclitique) + préposition + adverbe
CONJ.PREP.DEM_PRON_MS,conjonction (proclitique) + préposition + pronom démonstratif masculin singulier
CONJ.PREP.DEM_PRON_S,conjonction (proclitique) + préposition + pronom démonstratif singulier
CONJ.PREP.DET.NOUN,conjonction (proclitique) + préposition + déterminant (article défini) + nom
CONJ.PREP.DET.NOUN-MSA.NSUFF_FEM_SG,"conjonction (proclitique) + préposition + déterminant (article défini) + nom (arabe standard, MSA) + suffixe nominal féminin singulier"
CONJ.PREP.DET.NOUN.NSUFF_FEM_SG,conjonction (proclitique) + préposition + déterminant (article défini) + nom + suffixe nominal féminin singulier
CONJ.PREP.NOUN,conjonction (proclitique) + préposition + nom
CONJ.PREP.NOUN-MSA,"conjonction (proclitique) + préposition + nom (arabe standard, MSA)"
CONJ.PREP.NOUN.NSUFF_FEM_SG.POSS_PRON_2S,"conjonction (proclitique) + préposition + nom + suffixe nominal féminin singulier + pronom possessif, 2e pers. sg."
CONJ.PREP.NOUN.NSUFF_MASC_DU.POSS_PRON_3MS,"conjonction (proclitique) + préposition + nom + suffixe nominal masculin duel + pronom possessif, 3e pers. masc. sg."
CONJ.PREP.NOUN.POSS_PRON_1S,"conjonction (proclitique) + préposition + nom + pronom possessif, 1re pers. sg."
CONJ.PREP.NOUN.POSS_PRON_3FS,"conjonction (proclitique) + préposition + nom + pronom possessif, 3e pers. fém. sg."
CONJ.PREP.NOUN.POSS_PRON_3MS,"conjonction (proclitique) + préposition + nom + pronom possessif, 3e pers. masc. sg."
CONJ.PREP.PRON_1P,"conjonction (proclitique) + préposition + pronom personnel, 1re pers. pl."
CONJ.PREP.PRON_1S,"conjonction (proclitique) + préposition + pronom personnel, 1re pers. sg."
CONJ.PREP.PRON_2P,"conjonction (proclitique) + préposition + pronom personnel, 2e pers. pl."
CONJ.PREP.PRON_2S,"conjonction (proclitique) + préposition + pronom personnel, 2e pers. sg."
CONJ.PREP.PRON_3FS,"conjonction (proclitique) + préposition + pronom personnel, 3e pers. fém. sg."
CONJ.PREP.PRON_3MP,"conjonction (proclitique) + préposition + pronom personnel, 3e pers. masc. pl."
CONJ.PREP.PRON_3MS,"conjonction (proclitique) + préposition + pronom personnel, 3e pers. masc. sg."
CONJ.PREP.PROPN,conjonction (proclitique) + préposition + nom propre
CONJ.PREP.REL_PRON,conjonction (proclitique) + préposition + pronom relatif
CONJ.PRG_PART.IMPERFECT_VERB.IVSUFF_SUBJ,conjonction (proclitique) + particule de progressif (aspect progressif) + verbe à l'inaccompli (imperfectif) + suffixe sujet du verbe à l'inaccompli
CONJ.PRG_PART.IV1P.IMPERFECT_VERB.IVSUFF_SUBJ:P,"conjonction (proclitique) + particule de progressif (aspect progressif) + marqueur de personne à l'inaccompli, 1re pers. pl. + verbe à l'inaccompli (imperfectif) + suffixe sujet du verbe à l'inaccompli (pl.)"
CONJ.PRG_PART.IV1S.IMPERFECT_VERB.IVSUFF_SUBJ,"conjonction (proclitique) + particule de progressif (aspect progressif) + marqueur de personne à l'inaccompli, 1re pers. sg. + verbe à l'inaccompli (imperfectif) + suffixe sujet du verbe à l'inaccompli"
CONJ.PRG_PART.IV1S.IMPERFECT_VERB_MSA.IVSUFF_SUBJ,"conjonction (proclitique) + particule de progressif (aspect progressif) + marqueur de personne à l'inaccompli, 1re pers. sg. + verbe à l'inaccompli (arabe standard, MSA) + suffixe sujet du verbe à l'inaccompli"
CONJ.PRG_PART.IV1S.PV_MSA.IVSUFF_SUBJ.IVSUFF_DO:2S,"conjonction (proclitique) + particule de progressif (aspect progressif) + marqueur de personne à l'inaccompli, 1re pers. sg. + verbe à l'accompli (arabe standard, MSA) + suffixe sujet du verbe à l'inaccompli + suffixe clitique objet direct sur le verbe à l'inaccompli (2e pers. sg.)"
CONJ.PRG_PART.IV2S.IMPERFECT_VERB.IVSUFF_SUBJ,"conjonction (proclitique) + particule de progressif (aspect progressif) + marqueur de personne à l'inaccompli, 2e pers. sg. + verbe à l'inaccompli (imperfectif) + suffixe sujet du verbe à l'inaccompli"
CONJ.PRG_PART.IV2S.IMPERFECT_VERB.PVSUFF_SUBJ:2FS.Prep.PRON_1S,"conjonction (proclitique) + particule de progressif (aspect progressif) + marqueur de personne à l'inaccompli, 2e pers. sg. + verbe à l'inaccompli (imperfectif) + suffixe sujet du verbe à l'accompli (2e pers. fém. sg.) + préposition [variante de casse] + pronom personnel, 1re pers. sg."
CONJ.PRG_PART.IV3FS.IMPERFECT_VERB.IVSUFF_SUBJ,"conjonction (proclitique) + particule de progressif (aspect progressif) + marqueur de personne à l'inaccompli, 3e pers. fém. sg. + verbe à l'inaccompli (imperfectif) + suffixe sujet du verbe à l'inaccompli"
CONJ.PRG_PART.IV3FS.IMPERFECT_VERB.IVSUFF_SUBJ.IVSUFF_DO:3FS,"conjonction (proclitique) + particule de progressif (aspect progressif) + marqueur de personne à l'inaccompli, 3e pers. fém. sg. + verbe à l'inaccompli (imperfectif) + suffixe sujet du verbe à l'inaccompli + suffixe clitique objet direct sur le verbe à l'inaccompli (3e pers. fém. sg.)"
CONJ.PRG_PART.IV3MS.IMPERFECT_VERB.IVSUFF_SUBJ,"conjonction (proclitique) + particule de progressif (aspect progressif) + marqueur de personne à l'inaccompli, 3e pers. masc. sg. + verbe à l'inaccompli (imperfectif) + suffixe sujet du verbe à l'inaccompli"
CONJ.PRG_PART.IV3MS.IMPERFECT_VERB.IVSUFF_SUBJ.IVSUFF_DO:1P,"conjonction (proclitique) + particule de progressif (aspect progressif) + marqueur de personne à l'inaccompli, 3e pers. masc. sg. + verbe à l'inaccompli (imperfectif) + suffixe sujet du verbe à l'inaccompli + suffixe clitique objet direct sur le verbe à l'inaccompli (1re pers. pl.)"
CONJ.PRG_PART.IV3MS.IMPERFECT_VERB.IVSUFF_SUBJ.IVSUFF_DO:1S,"conjonction (proclitique) + particule de progressif (aspect progressif) + marqueur de personne à l'inaccompli, 3e pers. masc. sg. + verbe à l'inaccompli (imperfectif) + suffixe sujet du verbe à l'inaccompli + suffixe clitique objet direct sur le verbe à l'inaccompli (1re pers. sg.)"
CONJ.PRG_PART.IV3MS.IMPERFECT_VERB.IVSUFF_SUBJ.IVSUFF_DO:2S,"conjonction (proclitique) + particule de progressif (aspect progressif) + marqueur de personne à l'inaccompli, 3e pers. masc. sg. + verbe à l'inaccompli (imperfectif) + suffixe sujet du verbe à l'inaccompli + suffixe clitique objet direct sur le verbe à l'inaccompli (2e pers. sg.)"
CONJ.PRG_PART.IV3MS.IMPERFECT_VERB.IVSUFF_SUBJ.IVSUFF_DO:3FS,"conjonction (proclitique) + particule de progressif (aspect progressif) + marqueur de personne à l'inaccompli, 3e pers. masc. sg. + verbe à l'inaccompli (imperfectif) + suffixe sujet du verbe à l'inaccompli + suffixe clitique objet direct sur le verbe à l'inaccompli (3e pers. fém. sg.)"
CONJ.PRG_PART.IV3MS.IMPERFECT_VERB.IVSUFF_SUBJ:P,"conjonction (proclitique) + particule de progressif (aspect progressif) + marqueur de personne à l'inaccompli, 3e pers. masc. sg. + verbe à l'inaccompli (imperfectif) + suffixe sujet du verbe à l'inaccompli (pl.)"
CONJ.PRG_PART.IV3P.IMPERFECT_VERB.IVSUFF_SUBJ:P,"conjonction (proclitique) + particule de progressif (aspect progressif) + marqueur de personne à l'inaccompli, 3e pers. pl. + verbe à l'inaccompli (imperfectif) + suffixe sujet du verbe à l'inaccompli (pl.)"
CONJ.PRG_PART.IV3P.IMPERFECT_VERB_MSA.IVSUFF_SUBJ:P,"conjonction (proclitique) + particule de progressif (aspect progressif) + marqueur de personne à l'inaccompli, 3e pers. pl. + verbe à l'inaccompli (arabe standard, MSA) + suffixe sujet du verbe à l'inaccompli (pl.)"
CONJ.PRG_PART.IV3P.V-foreign.IVSUFF_SUBJ:P.IVSUFF_DO:3P,"conjonction (proclitique) + particule de progressif (aspect progressif) + marqueur de personne à l'inaccompli, 3e pers. pl. + verbe conjugué d'origine étrangère + suffixe sujet du verbe à l'inaccompli (pl.) + suffixe clitique objet direct sur le verbe à l'inaccompli (3e pers. pl.)"
CONJ.PRON_1P,"conjonction (proclitique) + pronom personnel, 1re pers. pl."
CONJ.PRON_1S,"conjonction (proclitique) + pronom personnel, 1re pers. sg."
CONJ.PRON_2FS,"conjonction (proclitique) + pronom personnel, 2e pers. fém. sg."
CONJ.PRON_2MS,"conjonction (proclitique) + pronom personnel, 2e pers. masc. sg."
CONJ.PRON_3FS,"conjonction (proclitique) + pronom personnel, 3e pers. fém. sg."
CONJ.PRON_3MS,"conjonction (proclitique) + pronom personnel, 3e pers. masc. sg."
CONJ.PRON_3P,"conjonction (proclitique) + pronom personnel, 3e pers. pl."
CONJ.PROPN,conjonction (proclitique) + nom propre
CONJ.PV,conjonction (proclitique) + verbe à l'accompli (radical conjugué)
CONJ.PV-foreign.PVSUFF_SUBJ:1S,"conjonction (proclitique) + verbe à l'accompli, forme étrangère + suffixe sujet du verbe à l'accompli (1re pers. sg.)"
CONJ.PV-foreign.PVSUFF_SUBJ:3F,"conjonction (proclitique) + verbe à l'accompli, forme étrangère + suffixe sujet du verbe à l'accompli (3e pers. fém. sg.)"
CONJ.Prep-NOUN,conjonction (proclitique) + préposition + nom (agglutinés) [variante de casse]
CONJ.REL_PRON,conjonction (proclitique) + pronom relatif
CONJ.V-foreign.PVSUFF_SUBJ:1S,conjonction (proclitique) + verbe conjugué d'origine étrangère + suffixe sujet du verbe à l'accompli (1re pers. sg.)
CV-foreign.CVSUFF_SUBJ:2MS,"verbe à l'impératif, forme étrangère + suffixe sujet du verbe à l'impératif (2e pers. masc. sg.)"
CV.PRON_2P,"verbe à l'impératif (radical conjugué) + pronom personnel, 2e pers. pl."
CoONJ.NEG.PRG_PART.IV3P.IMPERFECT_VERB.IVSUFF_SUBJ:P.IVSUFF_DO:1S.NEG,"conjonction (proclitique) [coquille : CoONJ] + marque de négation + particule de progressif (aspect progressif) + marqueur de personne à l'inaccompli, 3e pers. pl. + verbe à l'inaccompli (imperfectif) + suffixe sujet du verbe à l'inaccompli (pl.) + suffixe clitique objet direct sur le verbe à l'inaccompli (1re pers. sg.) + marque de négation"
DET-foreign.NOUN-Foreign.NSUFF_FEM_SG,déterminant sur base étrangère + nom d'origine étrangère + suffixe nominal féminin singulier
DET.ADJ,déterminant (article défini) + adjectif
DET.ADJ-MSA,"déterminant (article défini) + adjectif (arabe standard, MSA)"
DET.ADJ-MSA.NSUFF_FEM_SG,"déterminant (article défini) + adjectif (arabe standard, MSA) + suffixe nominal féminin singulier"
DET.ADJ-foreign,déterminant (article défini) + adjectif d'origine étrangère
DET.ADJ.IVSUFF_SUBJ,déterminant (article défini) + adjectif + suffixe sujet du verbe à l'inaccompli
DET.ADJ.NSUFF_FEM_PL,déterminant (article défini) + adjectif + suffixe nominal féminin pluriel
DET.ADJ.NSUFF_FEM_SG,déterminant (article défini) + adjectif + suffixe nominal féminin singulier
DET.ADJ.NSUFF_MASC_PL,déterminant (article défini) + adjectif + suffixe nominal masculin pluriel
DET.ADV,déterminant (article défini) + adverbe
DET.ADV.NSUFF_MASC_PL,déterminant (article défini) + adverbe + suffixe nominal masculin pluriel
DET.NOUN,déterminant (article défini) + nom
DET.NOUN-Foreign,déterminant (article défini) + nom d'origine étrangère
DET.NOUN-Foreign.NSUFF_FEM_PL,déterminant (article défini) + nom d'origine étrangère + suffixe nominal féminin pluriel
DET.NOUN-Foreign.NSUFF_FEM_SG,déterminant (article défini) + nom d'origine étrangère + suffixe nominal féminin singulier
DET.NOUN-MSA,"déterminant (article défini) + nom (arabe standard, MSA)"
DET.NOUN-MSA.NSUFF_FEM_PL,"déterminant (article défini) + nom (arabe standard, MSA) + suffixe nominal féminin pluriel"
DET.NOUN-MSA.NSUFF_FEM_SG,"déterminant (article défini) + nom (arabe standard, MSA) + suffixe nominal féminin singulier"
DET.NOUN-MSA.NSUFF_MASC_PL,"déterminant (article défini) + nom (arabe standard, MSA) + suffixe nominal masculin pluriel"
DET.NOUN-foreign,déterminant (article défini) + nom d'origine étrangère
DET.NOUN-foreign.NSUFF_FEM_SG,déterminant (article défini) + nom d'origine étrangère + suffixe nominal féminin singulier
DET.NOUN.IVSUFF_SUBJ,déterminant (article défini) + nom + suffixe sujet du verbe à l'inaccompli
DET.NOUN.NSUFF_FEM_PL,déterminant (article défini) + nom + suffixe nominal féminin pluriel
DET.NOUN.NSUFF_FEM_SG,déterminant (article défini) + nom + suffixe nominal féminin singulier
DET.NOUN.NSUFF_MASC,déterminant (article défini) + nom + suffixe nominal masculin
DET.NOUN.NSUFF_MASC_DU,déterminant (article défini) + nom + suffixe nominal masculin duel
DET.NOUN.NSUFF_MASC_PL,déterminant (article défini) + nom + suffixe nominal masculin pluriel
DET.Nall-foreign.NSUFF_FEM_SG,déterminant (article défini) + nom d'origine étrangère [coquille : Nall pour Noun] + suffixe nominal féminin singulier
DET.Numb.NSUFF_FEM_SG,déterminant (article défini) + numéral / nombre + suffixe nominal féminin singulier
DET.PROPN,déterminant (article défini) + nom propre
EMPHATIC_PARTICLE.PRON_2FS,"particule d'emphase + pronom personnel, 2e pers. fém. sg."
EMPHATIC_PARTICLE.PRON_2S,"particule d'emphase + pronom personnel, 2e pers. sg."
EMPHATIC_PARTICLE.PRON_3MS,"particule d'emphase + pronom personnel, 3e pers. masc. sg."
EMP_PART.ADJ,particule d'emphase (clitique) + adjectif
EMP_PART.ADJ.NSUFF_FEM_SG,particule d'emphase (clitique) + adjectif + suffixe nominal féminin singulier
EMP_PART.ADJ.NSUFF_FEM_SG.POSS_PRON_1S,"particule d'emphase (clitique) + adjectif + suffixe nominal féminin singulier + pronom possessif, 1re pers. sg."
EMP_PART.ADJ.POSS_PRON_1S,"particule d'emphase (clitique) + adjectif + pronom possessif, 1re pers. sg."
EMP_PART.ADV,particule d'emphase (clitique) + adverbe
EMP_PART.DEM_PRON_FS,particule d'emphase (clitique) + pronom démonstratif féminin singulier
EMP_PART.DEM_PRON_FS_MSA,"particule d'emphase (clitique) + pronom démonstratif féminin singulier (arabe standard, MSA)"
EMP_PART.DEM_PRON_MS,particule d'emphase (clitique) + pronom démonstratif masculin singulier
EMP_PART.DET.ADJ.NSUFF_FEM_SG,particule d'emphase (clitique) + déterminant (article défini) + adjectif + suffixe nominal féminin singulier
EMP_PART.DET.NOUN,particule d'emphase (clitique) + déterminant (article défini) + nom
EMP_PART.DET.NOUN-Foreign,particule d'emphase (clitique) + déterminant (article défini) + nom d'origine étrangère
EMP_PART.DET.NOUN.NSUFF_FEM_PL,particule d'emphase (clitique) + déterminant (article défini) + nom + suffixe nominal féminin pluriel
EMP_PART.DET.NOUN.NSUFF_FEM_SG,particule d'emphase (clitique) + déterminant (article défini) + nom + suffixe nominal féminin singulier
EMP_PART.FUNC_WORD,particule d'emphase (clitique) + mot outil / mot fonctionnel
EMP_PART.IMPERATIVE_VERB.CVSUFF_SUBJ:2FS,particule d'emphase (clitique) + verbe à l'impératif + suffixe sujet du verbe à l'impératif (2e pers. fém. sg.)
EMP_PART.IMPERATIVE_VERB.CVSUFF_SUBJ:2MS,particule d'emphase (clitique) + verbe à l'impératif + suffixe sujet du verbe à l'impératif (2e pers. masc. sg.)
EMP_PART.IMPERATIVE_VERB.CVSUFF_SUBJ:2MS.CVSUFF_DO:1S,particule d'emphase (clitique) + verbe à l'impératif + suffixe sujet du verbe à l'impératif (2e pers. masc. sg.) + suffixe clitique objet direct sur le verbe à l'impératif (1re pers. sg.)
EMP_PART.INTERJ,particule d'emphase (clitique) + interjection
EMP_PART.INTERROG_PART,particule d'emphase (clitique) + particule interrogative
EMP_PART.NOUN,particule d'emphase (clitique) + nom
EMP_PART.NOUN-Foreign,particule d'emphase (clitique) + nom d'origine étrangère
EMP_PART.NOUN-Foreign.NSUFF_FEM_SG,particule d'emphase (clitique) + nom d'origine étrangère + suffixe nominal féminin singulier
EMP_PART.NOUN.NSUFF_FEM_PL.POSS_PRON_1S,"particule d'emphase (clitique) + nom + suffixe nominal féminin pluriel + pronom possessif, 1re pers. sg."
EMP_PART.NOUN.NSUFF_FEM_SG,particule d'emphase (clitique) + nom + suffixe nominal féminin singulier
EMP_PART.NOUN.NSUFF_FEM_SG.POSS_PRON_1S,"particule d'emphase (clitique) + nom + suffixe nominal féminin singulier + pronom possessif, 1re pers. sg."
EMP_PART.NOUN.POSS_PRON_1S,"particule d'emphase (clitique) + nom + pronom possessif, 1re pers. sg."
EMP_PART.NOUN.POSS_PRON_3FS,"particule d'emphase (clitique) + nom + pronom possessif, 3e pers. fém. sg."
EMP_PART.NOUN.PRON_1S,"particule d'emphase (clitique) + nom + pronom personnel, 1re pers. sg."
EMP_PART.PERFECT_VERB.PVSUFF_SUBJ:1S,particule d'emphase (clitique) + verbe à l'accompli (perfectif) + suffixe sujet du verbe à l'accompli (1re pers. sg.)
EMP_PART.PERFECT_VERB.PVSUFF_SUBJ:2S,particule d'emphase (clitique) + verbe à l'accompli (perfectif) + suffixe sujet du verbe à l'accompli (2e pers. sg.)
EMP_PART.PERFECT_VERB.PVSUFF_SUBJ:3F.PVSUFF_DO:3MS,particule d'emphase (clitique) + verbe à l'accompli (perfectif) + suffixe sujet du verbe à l'accompli (3e pers. fém. sg.) + suffixe clitique objet direct sur le verbe à l'accompli (3e pers. masc. sg.)
EMP_PART.PERFECT_VERB.PVSUFF_SUBJ:3P.PVSUFF_DO:1S,particule d'emphase (clitique) + verbe à l'accompli (perfectif) + suffixe sujet du verbe à l'accompli (3e pers. pl.) + suffixe clitique objet direct sur le verbe à l'accompli (1re pers. sg.)
EMP_PART.PREP,particule d'emphase (clitique) + préposition
EMP_PART.PRON_1S,"particule d'emphase (clitique) + pronom personnel, 1re pers. sg."
EMP_PART.PRON_2FS,"particule d'emphase (clitique) + pronom personnel, 2e pers. fém. sg."
EMP_PART.PRON_2MS,"particule d'emphase (clitique) + pronom personnel, 2e pers. masc. sg."
EMP_PART.PRON_2P,"particule d'emphase (clitique) + pronom personnel, 2e pers. pl."
EMP_PART.PRON_2S,"particule d'emphase (clitique) + pronom personnel, 2e pers. sg."
EMP_PART.PRON_3FS,"particule d'emphase (clitique) + pronom personnel, 3e pers. fém. sg."
EMP_PART.PRON_3MP,"particule d'emphase (clitique) + pronom personnel, 3e pers. masc. pl."
EMP_PART.PRON_3MS,"particule d'emphase (clitique) + pronom personnel, 3e pers. masc. sg."
EMP_PART.PROPN,particule d'emphase (clitique) + nom propre
FUNC_WORD-MSA.POSS_PRON_2S,"mot outil / mot fonctionnel (arabe standard, MSA) + pronom possessif, 2e pers. sg."
FUNC_WORD-MSA.PRON_1P,"mot outil / mot fonctionnel (arabe standard, MSA) + pronom personnel, 1re pers. pl."
FUNC_WORD-MSA.PRON_1S,"mot outil / mot fonctionnel (arabe standard, MSA) + pronom personnel, 1re pers. sg."
FUNC_WORD-MSA.PRON_2P,"mot outil / mot fonctionnel (arabe standard, MSA) + pronom personnel, 2e pers. pl."
FUNC_WORD-MSA.PRON_2S,"mot outil / mot fonctionnel (arabe standard, MSA) + pronom personnel, 2e pers. sg."
FUNC_WORD-MSA.PRON_3FS,"mot outil / mot fonctionnel (arabe standard, MSA) + pronom personnel, 3e pers. fém. sg."
FUNC_WORD-MSA.PRON_3MP,"mot outil / mot fonctionnel (arabe standard, MSA) + pronom personnel, 3e pers. masc. pl."
FUNC_WORD-MSA.PRON_3MS,"mot outil / mot fonctionnel (arabe standard, MSA) + pronom personnel, 3e pers. masc. sg."
FUNC_WORD.IV2FS.IMPERFECT_VERB.IVSUFF_SUBJ,"mot outil / mot fonctionnel + marqueur de personne à l'inaccompli, 2e pers. fém. sg. + verbe à l'inaccompli (imperfectif) + suffixe sujet du verbe à l'inaccompli"
FUNC_WORD.IV3FS.IMPERFECT_VERB.IVSUFF_SUBJ,"mot outil / mot fonctionnel + marqueur de personne à l'inaccompli, 3e pers. fém. sg. + verbe à l'inaccompli (imperfectif) + suffixe sujet du verbe à l'inaccompli"
FUNC_WORD.PRON_1P,"mot outil / mot fonctionnel + pronom personnel, 1re pers. pl."
FUNC_WORD.PRON_1S,"mot outil / mot fonctionnel + pronom personnel, 1re pers. sg."
FUNC_WORD.PRON_2P,"mot outil / mot fonctionnel + pronom personnel, 2e pers. pl."
FUNC_WORD.PRON_2S,"mot outil / mot fonctionnel + pronom personnel, 2e pers. sg."
FUNC_WORD.PRON_3FS,"mot outil / mot fonctionnel + pronom personnel, 3e pers. fém. sg."
FUNC_WORD.PRON_3MP,"mot outil / mot fonctionnel + pronom personnel, 3e pers. masc. pl."
FUNC_WORD.PRON_3MS,"mot outil / mot fonctionnel + pronom personnel, 3e pers. masc. sg."
FUT_PART.IV1.IMPERFECT_VERB.IVSUFF_SUBJ,"particule du futur + marqueur de personne à l'inaccompli, 1re pers. + verbe à l'inaccompli (imperfectif) + suffixe sujet du verbe à l'inaccompli"
FUT_PART.IV1.IMPERFECT_VERB.IVSUFF_SUBJ.IVSUFF_DO:2S,"particule du futur + marqueur de personne à l'inaccompli, 1re pers. + verbe à l'inaccompli (imperfectif) + suffixe sujet du verbe à l'inaccompli + suffixe clitique objet direct sur le verbe à l'inaccompli (2e pers. sg.)"
FUT_PART.IV1.IMPERFECT_VERB.IVSUFF_SUBJ:P,"particule du futur + marqueur de personne à l'inaccompli, 1re pers. + verbe à l'inaccompli (imperfectif) + suffixe sujet du verbe à l'inaccompli (pl.)"
FUT_PART.IV1P.IMPERFECT_VERB.IVSUFF_SUBJ:P,"particule du futur + marqueur de personne à l'inaccompli, 1re pers. pl. + verbe à l'inaccompli (imperfectif) + suffixe sujet du verbe à l'inaccompli (pl.)"
FUT_PART.IV1P.IMPERFECT_VERB.IVSUFF_SUBJ:P.IVSUFF_DO:3FS,"particule du futur + marqueur de personne à l'inaccompli, 1re pers. pl. + verbe à l'inaccompli (imperfectif) + suffixe sujet du verbe à l'inaccompli (pl.) + suffixe clitique objet direct sur le verbe à l'inaccompli (3e pers. fém. sg.)"
FUT_PART.IV1P.IMPERFECT_VERB.IVSUFF_SUBJ:P.IVSUFF_DO:3MS,"particule du futur + marqueur de personne à l'inaccompli, 1re pers. pl. + verbe à l'inaccompli (imperfectif) + suffixe sujet du verbe à l'inaccompli (pl.) + suffixe clitique objet direct sur le verbe à l'inaccompli (3e pers. masc. sg.)"
FUT_PART.IV1S.IMPERFECT_VERB.IVSUFF_SUBJ,"particule du futur + marqueur de personne à l'inaccompli, 1re pers. sg. + verbe à l'inaccompli (imperfectif) + suffixe sujet du verbe à l'inaccompli"
FUT_PART.IV1S.IMPERFECT_VERB.IVSUFF_SUBJ.IVSUFF_DO:2MP,"particule du futur + marqueur de personne à l'inaccompli, 1re pers. sg. + verbe à l'inaccompli (imperfectif) + suffixe sujet du verbe à l'inaccompli + suffixe clitique objet direct sur le verbe à l'inaccompli (2e pers. masc. pl.)"
FUT_PART.IV1S.IMPERFECT_VERB.IVSUFF_SUBJ.IVSUFF_DO:2S,"particule du futur + marqueur de personne à l'inaccompli, 1re pers. sg. + verbe à l'inaccompli (imperfectif) + suffixe sujet du verbe à l'inaccompli + suffixe clitique objet direct sur le verbe à l'inaccompli (2e pers. sg.)"
FUT_PART.IV1S.IMPERFECT_VERB.IVSUFF_SUBJ.IVSUFF_DO:3FS,"particule du futur + marqueur de personne à l'inaccompli, 1re pers. sg. + verbe à l'inaccompli (imperfectif) + suffixe sujet du verbe à l'inaccompli + suffixe clitique objet direct sur le verbe à l'inaccompli (3e pers. fém. sg.)"
FUT_PART.IV1S.IMPERFECT_VERB.IVSUFF_SUBJ.IVSUFF_DO:3MP,"particule du futur + marqueur de personne à l'inaccompli, 1re pers. sg. + verbe à l'inaccompli (imperfectif) + suffixe sujet du verbe à l'inaccompli + suffixe clitique objet direct sur le verbe à l'inaccompli (3e pers. masc. pl.)"
FUT_PART.IV1S.IMPERFECT_VERB.IVSUFF_SUBJ.IVSUFF_DO:3MS,"particule du futur + marqueur de personne à l'inaccompli, 1re pers. sg. + verbe à l'inaccompli (imperfectif) + suffixe sujet du verbe à l'inaccompli + suffixe clitique objet direct sur le verbe à l'inaccompli (3e pers. masc. sg.)"
FUT_PART.IV1S.IMPERFECT_VERB.IVSUFF_SUBJ.IVSUFF_DO:3S,"particule du futur + marqueur de personne à l'inaccompli, 1re pers. sg. + verbe à l'inaccompli (imperfectif) + suffixe sujet du verbe à l'inaccompli + suffixe clitique objet direct sur le verbe à l'inaccompli (3e pers. sg.)"
FUT_PART.IV1S.IMPERFECT_VERB.IVSUFF_SUBJ.Prep.PRON_2S,"particule du futur + marqueur de personne à l'inaccompli, 1re pers. sg. + verbe à l'inaccompli (imperfectif) + suffixe sujet du verbe à l'inaccompli + préposition [variante de casse] + pronom personnel, 2e pers. sg."
FUT_PART.IV1S.IMPERFECT_VERB.IVSUFF_SUBJ:2FS,"particule du futur + marqueur de personne à l'inaccompli, 1re pers. sg. + verbe à l'inaccompli (imperfectif) + suffixe sujet du verbe à l'inaccompli (2e pers. fém. sg.)"
FUT_PART.IV1S.IMPERFECT_VERB_MSA.IVSUFF_SUBJ.IVSUFF_DO:3FS,"particule du futur + marqueur de personne à l'inaccompli, 1re pers. sg. + verbe à l'inaccompli (arabe standard, MSA) + suffixe sujet du verbe à l'inaccompli + suffixe clitique objet direct sur le verbe à l'inaccompli (3e pers. fém. sg.)"
FUT_PART.IV1S.IV-foreign.IVSUFF_SUBJ,"particule du futur + marqueur de personne à l'inaccompli, 1re pers. sg. + marqueur de personne à l'inaccompli, verbe d'origine étrangère + suffixe sujet du verbe à l'inaccompli"
FUT_PART.IV2.IMPERFECT_VERB.IVSUFF_SUBJ:2FS.IVSUFF_DO:3FS,"particule du futur + marqueur de personne à l'inaccompli, 2e pers. + verbe à l'inaccompli (imperfectif) + suffixe sujet du verbe à l'inaccompli (2e pers. fém. sg.) + suffixe clitique objet direct sur le verbe à l'inaccompli (3e pers. fém. sg.)"
FUT_PART.IV2FS.IMPERFECT_VERB.IVSUFF_SUBJ:2FS,"particule du futur + marqueur de personne à l'inaccompli, 2e pers. fém. sg. + verbe à l'inaccompli (imperfectif) + suffixe sujet du verbe à l'inaccompli (2e pers. fém. sg.)"
FUT_PART.IV2P.IMPERFECT_VERB.IVSUFF_SUBJ:P,"particule du futur + marqueur de personne à l'inaccompli, 2e pers. pl. + verbe à l'inaccompli (imperfectif) + suffixe sujet du verbe à l'inaccompli (pl.)"
FUT_PART.IV2P.IMPERFECT_VERB.IVSUFF_SUBJ:P.IVSUFF_DO:1S,"particule du futur + marqueur de personne à l'inaccompli, 2e pers. pl. + verbe à l'inaccompli (imperfectif) + suffixe sujet du verbe à l'inaccompli (pl.) + suffixe clitique objet direct sur le verbe à l'inaccompli (1re pers. sg.)"
FUT_PART.IV2S.IMPERFECT_VERB.IVSUFF_SUBJ,"particule du futur + marqueur de personne à l'inaccompli, 2e pers. sg. + verbe à l'inaccompli (imperfectif) + suffixe sujet du verbe à l'inaccompli"
FUT_PART.IV2S.IMPERFECT_VERB.IVSUFF_SUBJ.IVSUFF_DO:1S,"particule du futur + marqueur de personne à l'inaccompli, 2e pers. sg. + verbe à l'inaccompli (imperfectif) + suffixe sujet du verbe à l'inaccompli + suffixe clitique objet direct sur le verbe à l'inaccompli (1re pers. sg.)"
FUT_PART.IV3FS.IMPERFECT_VERB.IVSUFF_SUBJ,"particule du futur + marqueur de personne à l'inaccompli, 3e pers. fém. sg. + verbe à l'inaccompli (imperfectif) + suffixe sujet du verbe à l'inaccompli"
FUT_PART.IV3FS.IMPERFECT_VERB.IVSUFF_SUBJ.IVSUFF_DO:1P,"particule du futur + marqueur de personne à l'inaccompli, 3e pers. fém. sg. + verbe à l'inaccompli (imperfectif) + suffixe sujet du verbe à l'inaccompli + suffixe clitique objet direct sur le verbe à l'inaccompli (1re pers. pl.)"
FUT_PART.IV3FS.IMPERFECT_VERB.IVSUFF_SUBJ.IVSUFF_DO:1S,"particule du futur + marqueur de personne à l'inaccompli, 3e pers. fém. sg. + verbe à l'inaccompli (imperfectif) + suffixe sujet du verbe à l'inaccompli + suffixe clitique objet direct sur le verbe à l'inaccompli (1re pers. sg.)"
FUT_PART.IV3FS.IMPERFECT_VERB.IVSUFF_SUBJ.IVSUFF_DO:2S,"particule du futur + marqueur de personne à l'inaccompli, 3e pers. fém. sg. + verbe à l'inaccompli (imperfectif) + suffixe sujet du verbe à l'inaccompli + suffixe clitique objet direct sur le verbe à l'inaccompli (2e pers. sg.)"
FUT_PART.IV3FS.IMPERFECT_VERB.IVSUFF_SUBJ.IVSUFF_DO:3FS,"particule du futur + marqueur de personne à l'inaccompli, 3e pers. fém. sg. + verbe à l'inaccompli (imperfectif) + suffixe sujet du verbe à l'inaccompli + suffixe clitique objet direct sur le verbe à l'inaccompli (3e pers. fém. sg.)"
FUT_PART.IV3FS.IMPERFECT_VERB.IVSUFF_SUBJ.IVSUFF_DO:3MS,"particule du futur + marqueur de personne à l'inaccompli, 3e pers. fém. sg. + verbe à l'inaccompli (imperfectif) + suffixe sujet du verbe à l'inaccompli + suffixe clitique objet direct sur le verbe à l'inaccompli (3e pers. masc. sg.)"
FUT_PART.IV3FS.IMPERFECT_VERB.IVSUFF_SUBJ.Prep.PRON_1S,"particule du futur + marqueur de personne à l'inaccompli, 3e pers. fém. sg. + verbe à l'inaccompli (imperfectif) + suffixe sujet du verbe à l'inaccompli + préposition [variante de casse] + pronom personnel, 1re pers. sg."
FUT_PART.IV3MS.IMPERFECT_VERB.IVSUFF_SUBJ,"particule du futur + marqueur de personne à l'inaccompli, 3e pers. masc. sg. + verbe à l'inaccompli (imperfectif) + suffixe sujet du verbe à l'inaccompli"
FUT_PART.IV3MS.IMPERFECT_VERB.IVSUFF_SUBJ.IVSUFF_DO:1P,"particule du futur + marqueur de personne à l'inaccompli, 3e pers. masc. sg. + verbe à l'inaccompli (imperfectif) + suffixe sujet du verbe à l'inaccompli + suffixe clitique objet direct sur le verbe à l'inaccompli (1re pers. pl.)"
FUT_PART.IV3MS.IMPERFECT_VERB.IVSUFF_SUBJ.IVSUFF_DO:1S,"particule du futur + marqueur de personne à l'inaccompli, 3e pers. masc. sg. + verbe à l'inaccompli (imperfectif) + suffixe sujet du verbe à l'inaccompli + suffixe clitique objet direct sur le verbe à l'inaccompli (1re pers. sg.)"
FUT_PART.IV3MS.IMPERFECT_VERB.IVSUFF_SUBJ.IVSUFF_DO:2MP,"particule du futur + marqueur de personne à l'inaccompli, 3e pers. masc. sg. + verbe à l'inaccompli (imperfectif) + suffixe sujet du verbe à l'inaccompli + suffixe clitique objet direct sur le verbe à l'inaccompli (2e pers. masc. pl.)"
FUT_PART.IV3MS.IMPERFECT_VERB.IVSUFF_SUBJ.IVSUFF_DO:2S,"particule du futur + marqueur de personne à l'inaccompli, 3e pers. masc. sg. + verbe à l'inaccompli (imperfectif) + suffixe sujet du verbe à l'inaccompli + suffixe clitique objet direct sur le verbe à l'inaccompli (2e pers. sg.)"
FUT_PART.IV3MS.IMPERFECT_VERB.IVSUFF_SUBJ.IVSUFF_DO:3FS,"particule du futur + marqueur de personne à l'inaccompli, 3e pers. masc. sg. + verbe à l'inaccompli (imperfectif) + suffixe sujet du verbe à l'inaccompli + suffixe clitique objet direct sur le verbe à l'inaccompli (3e pers. fém. sg.)"
FUT_PART.IV3MS.IMPERFECT_VERB.IVSUFF_SUBJ.IVSUFF_DO:3MP,"particule du futur + marqueur de personne à l'inaccompli, 3e pers. masc. sg. + verbe à l'inaccompli (imperfectif) + suffixe sujet du verbe à l'inaccompli + suffixe clitique objet direct sur le verbe à l'inaccompli (3e pers. masc. pl.)"
FUT_PART.IV3MS.IMPERFECT_VERB.IVSUFF_SUBJ.IVSUFF_DO:3MS,"particule du futur + marqueur de personne à l'inaccompli, 3e pers. masc. sg. + verbe à l'inaccompli (imperfectif) + suffixe sujet du verbe à l'inaccompli + suffixe clitique objet direct sur le verbe à l'inaccompli (3e pers. masc. sg.)"
FUT_PART.IV3MS.IMPERFECT_VERB.IVSUFF_SUBJ.Prep.PRON_2S,"particule du futur + marqueur de personne à l'inaccompli, 3e pers. masc. sg. + verbe à l'inaccompli (imperfectif) + suffixe sujet du verbe à l'inaccompli + préposition [variante de casse] + pronom personnel, 2e pers. sg."
FUT_PART.IV3MS.IMPERFECT_VERB.IVSUFF_SUBJ.Prep.PRON_3MF,"particule du futur + marqueur de personne à l'inaccompli, 3e pers. masc. sg. + verbe à l'inaccompli (imperfectif) + suffixe sujet du verbe à l'inaccompli + préposition [variante de casse] + pronom personnel, 3e pers. masc./fém. sg."
FUT_PART.IV3MS.IMPERFECT_VERB_MSA.IVSUFF_SUBJ,"particule du futur + marqueur de personne à l'inaccompli, 3e pers. masc. sg. + verbe à l'inaccompli (arabe standard, MSA) + suffixe sujet du verbe à l'inaccompli"
FUT_PART.IV3P.IMPERFECT_VERB.IVSUFF_SUBJ:P,"particule du futur + marqueur de personne à l'inaccompli, 3e pers. pl. + verbe à l'inaccompli (imperfectif) + suffixe sujet du verbe à l'inaccompli (pl.)"
FUT_PART.IV3P.IMPERFECT_VERB.IVSUFF_SUBJ:P.IVSUFF_DO:1P,"particule du futur + marqueur de personne à l'inaccompli, 3e pers. pl. + verbe à l'inaccompli (imperfectif) + suffixe sujet du verbe à l'inaccompli (pl.) + suffixe clitique objet direct sur le verbe à l'inaccompli (1re pers. pl.)"
FUT_PART.IV3P.IMPERFECT_VERB.IVSUFF_SUBJ:P.IVSUFF_DO:1S,"particule du futur + marqueur de personne à l'inaccompli, 3e pers. pl. + verbe à l'inaccompli (imperfectif) + suffixe sujet du verbe à l'inaccompli (pl.) + suffixe clitique objet direct sur le verbe à l'inaccompli (1re pers. sg.)"
FUT_PART.IV3P.IMPERFECT_VERB.IVSUFF_SUBJ:P.IVSUFF_DO:2MS,"particule du futur + marqueur de personne à l'inaccompli, 3e pers. pl. + verbe à l'inaccompli (imperfectif) + suffixe sujet du verbe à l'inaccompli (pl.) + suffixe clitique objet direct sur le verbe à l'inaccompli (2e pers. masc. sg.)"
FUT_PART.IV3P.IMPERFECT_VERB.IVSUFF_SUBJ:P.IVSUFF_DO:3FS,"particule du futur + marqueur de personne à l'inaccompli, 3e pers. pl. + verbe à l'inaccompli (imperfectif) + suffixe sujet du verbe à l'inaccompli (pl.) + suffixe clitique objet direct sur le verbe à l'inaccompli (3e pers. fém. sg.)"
FUT_PART.IV3P.IMPERFECT_VERB.IVSUFF_SUBJ:P.IVSUFF_DO:3MS,"particule du futur + marqueur de personne à l'inaccompli, 3e pers. pl. + verbe à l'inaccompli (imperfectif) + suffixe sujet du verbe à l'inaccompli (pl.) + suffixe clitique objet direct sur le verbe à l'inaccompli (3e pers. masc. sg.)"
FUT_PART.PRON_1S,"particule du futur + pronom personnel, 1re pers. sg."
IMPERATIVE_VERB.CVSUFF_SUBJ:2FS,verbe à l'impératif + suffixe sujet du verbe à l'impératif (2e pers. fém. sg.)
IMPERATIVE_VERB.CVSUFF_SUBJ:2FS.CVSUFF_DO:1P,verbe à l'impératif + suffixe sujet du verbe à l'impératif (2e pers. fém. sg.) + suffixe clitique objet direct sur le verbe à l'impératif (1re pers. pl.)
IMPERATIVE_VERB.CVSUFF_SUBJ:2FS.CVSUFF_DO:1S,verbe à l'impératif + suffixe sujet du verbe à l'impératif (2e pers. fém. sg.) + suffixe clitique objet direct sur le verbe à l'impératif (1re pers. sg.)
IMPERATIVE_VERB.CVSUFF_SUBJ:2FS.CVSUFF_DO:3FS,verbe à l'impératif + suffixe sujet du verbe à l'impératif (2e pers. fém. sg.) + suffixe clitique objet direct sur le verbe à l'impératif (3e pers. fém. sg.)
IMPERATIVE_VERB.CVSUFF_SUBJ:2FS.CVSUFF_DO:3MP,verbe à l'impératif + suffixe sujet du verbe à l'impératif (2e pers. fém. sg.) + suffixe clitique objet direct sur le verbe à l'impératif (3e pers. masc. pl.)
IMPERATIVE_VERB.CVSUFF_SUBJ:2FS.CVSUFF_DO:3MS,verbe à l'impératif + suffixe sujet du verbe à l'impératif (2e pers. fém. sg.) + suffixe clitique objet direct sur le verbe à l'impératif (3e pers. masc. sg.)
IMPERATIVE_VERB.CVSUFF_SUBJ:2FS.Prep.CVSUFF_DO:3FS,verbe à l'impératif + suffixe sujet du verbe à l'impératif (2e pers. fém. sg.) + préposition [variante de casse] + suffixe clitique objet direct sur le verbe à l'impératif (3e pers. fém. sg.)
IMPERATIVE_VERB.CVSUFF_SUBJ:2MP,verbe à l'impératif + suffixe sujet du verbe à l'impératif (2e pers. masc. pl.)
IMPERATIVE_VERB.CVSUFF_SUBJ:2MP.CVSUFF_DO:1S,verbe à l'impératif + suffixe sujet du verbe à l'impératif (2e pers. masc. pl.) + suffixe clitique objet direct sur le verbe à l'impératif (1re pers. sg.)
IMPERATIVE_VERB.CVSUFF_SUBJ:2MP.CVSUFF_DO:3FS,verbe à l'impératif + suffixe sujet du verbe à l'impératif (2e pers. masc. pl.) + suffixe clitique objet direct sur le verbe à l'impératif (3e pers. fém. sg.)
IMPERATIVE_VERB.CVSUFF_SUBJ:2MP.CVSUFF_DO:3MP,verbe à l'impératif + suffixe sujet du verbe à l'impératif (2e pers. masc. pl.) + suffixe clitique objet direct sur le verbe à l'impératif (3e pers. masc. pl.)
IMPERATIVE_VERB.CVSUFF_SUBJ:2MS,verbe à l'impératif + suffixe sujet du verbe à l'impératif (2e pers. masc. sg.)
IMPERATIVE_VERB.CVSUFF_SUBJ:2MS.CVSUFF_DO:1P,verbe à l'impératif + suffixe sujet du verbe à l'impératif (2e pers. masc. sg.) + suffixe clitique objet direct sur le verbe à l'impératif (1re pers. pl.)
IMPERATIVE_VERB.CVSUFF_SUBJ:2MS.CVSUFF_DO:1S,verbe à l'impératif + suffixe sujet du verbe à l'impératif (2e pers. masc. sg.) + suffixe clitique objet direct sur le verbe à l'impératif (1re pers. sg.)
IMPERATIVE_VERB.CVSUFF_SUBJ:2MS.CVSUFF_DO:3FS,verbe à l'impératif + suffixe sujet du verbe à l'impératif (2e pers. masc. sg.) + suffixe clitique objet direct sur le verbe à l'impératif (3e pers. fém. sg.)
IMPERATIVE_VERB.CVSUFF_SUBJ:2MS.CVSUFF_DO:3MS,verbe à l'impératif + suffixe sujet du verbe à l'impératif (2e pers. masc. sg.) + suffixe clitique objet direct sur le verbe à l'impératif (3e pers. masc. sg.)
IMPERATIVE_VERB.CVSUFF_SUBJ:2MS.Prep.PRON_1S,"verbe à l'impératif + suffixe sujet du verbe à l'impératif (2e pers. masc. sg.) + préposition [variante de casse] + pronom personnel, 1re pers. sg."
IMPERATIVE_VERB.CVSUFF_SUBJ:2S,verbe à l'impératif + suffixe sujet du verbe à l'impératif (2e pers. sg.)
IMPERATIVE_VERB.CVSUFF_SUBJ:2S.CVSUFF_DO:1P,verbe à l'impératif + suffixe sujet du verbe à l'impératif (2e pers. sg.) + suffixe clitique objet direct sur le verbe à l'impératif (1re pers. pl.)
IMPERATIVE_VERB.CVSUFF_SUBJ:2S.CVSUFF_DO:1S,verbe à l'impératif + suffixe sujet du verbe à l'impératif (2e pers. sg.) + suffixe clitique objet direct sur le verbe à l'impératif (1re pers. sg.)
IMPERATIVE_VERB.CVSUFF_SUBJ:2S.CVSUFF_DO:3FS,verbe à l'impératif + suffixe sujet du verbe à l'impératif (2e pers. sg.) + suffixe clitique objet direct sur le verbe à l'impératif (3e pers. fém. sg.)
IMPERATIVE_VERB.CVSUFF_SUBJ:2S.CVSUFF_DO:3MP,verbe à l'impératif + suffixe sujet du verbe à l'impératif (2e pers. sg.) + suffixe clitique objet direct sur le verbe à l'impératif (3e pers. masc. pl.)
IMPERATIVE_VERB.CVSUFF_SUBJ:2S.CVSUFF_DO:3MS,verbe à l'impératif + suffixe sujet du verbe à l'impératif (2e pers. sg.) + suffixe clitique objet direct sur le verbe à l'impératif (3e pers. masc. sg.)
IMPERATIVE_VERB.PRON_1P,"verbe à l'impératif + pronom personnel, 1re pers. pl."
IMPERATIVE_VERB.PRON_2P,"verbe à l'impératif + pronom personnel, 2e pers. pl."
IMPERATIVE_VERB.PRON_3FS,"verbe à l'impératif + pronom personnel, 3e pers. fém. sg."
IMPERATIVE_VERB.SUFF_SUBJ:3MS.Prep.PRON_1S,"verbe à l'impératif + suffixe sujet [coquille : préfixe IV/PV manquant] (3e pers. masc. sg.) + préposition [variante de casse] + pronom personnel, 1re pers. sg."
IMPERATIVE_VERB_MSA.CVSUFF_SUBJ:2FS.CVSUFF_DO:1P,"verbe à l'impératif (arabe standard, MSA) + suffixe sujet du verbe à l'impératif (2e pers. fém. sg.) + suffixe clitique objet direct sur le verbe à l'impératif (1re pers. pl.)"
IMPERATIVE_VERB_MSA.CVSUFF_SUBJ:2MS.CVSUFF_DO:3FS,"verbe à l'impératif (arabe standard, MSA) + suffixe sujet du verbe à l'impératif (2e pers. masc. sg.) + suffixe clitique objet direct sur le verbe à l'impératif (3e pers. fém. sg.)"
IMPERFECT_VERB.IVSUFF_SUBJ,verbe à l'inaccompli (imperfectif) + suffixe sujet du verbe à l'inaccompli
IMPERFECT_VERB.IVSUFF_SUBJ.IVSUFF_DO:2S,verbe à l'inaccompli (imperfectif) + suffixe sujet du verbe à l'inaccompli + suffixe clitique objet direct sur le verbe à l'inaccompli (2e pers. sg.)
IMPERFECT_VERB.IVSUFF_SUBJ.IVSUFF_DO:3FS,verbe à l'inaccompli (imperfectif) + suffixe sujet du verbe à l'inaccompli + suffixe clitique objet direct sur le verbe à l'inaccompli (3e pers. fém. sg.)
IMPERFECT_VERB.IVSUFF_SUBJ.IVSUFF_DO:3MS,verbe à l'inaccompli (imperfectif) + suffixe sujet du verbe à l'inaccompli + suffixe clitique objet direct sur le verbe à l'inaccompli (3e pers. masc. sg.)
IMPERFECT_VERB.IVSUFF_SUBJ.NEG,verbe à l'inaccompli (imperfectif) + suffixe sujet du verbe à l'inaccompli + marque de négation
IMPERFECT_VERB.IVSUFF_SUBJ:P,verbe à l'inaccompli (imperfectif) + suffixe sujet du verbe à l'inaccompli (pl.)
INTER.PRON_2S,"particule interrogative [forme abrégée de INTERROG_PART] + pronom personnel, 2e pers. sg."
INTERJ.DET.NOUN,interjection + déterminant (article défini) + nom
INTERJ.EXCLAM_PART,interjection + particule exclamative
INTERJ.NOUN,interjection + nom
INTERJ.NOUN.NSUFF_FEM_SG.POSS_PRON_2S,"interjection + nom + suffixe nominal féminin singulier + pronom possessif, 2e pers. sg."
INTERJ.NSUFF_INDEF,interjection + suffixe nominal indéfini (tanwin)
INTERJ.PRON_1S,"interjection + pronom personnel, 1re pers. sg."
INTERJ.PRON_2MS,"interjection + pronom personnel, 2e pers. masc. sg."
INTERJ.PRON_2P,"interjection + pronom personnel, 2e pers. pl."
INTERJ.PRON_3FS,"interjection + pronom personnel, 3e pers. fém. sg."
INTERJ.PRON_3MS,"interjection + pronom personnel, 3e pers. masc. sg."
INTERJ.PROPN,interjection + nom propre
INTERJ.REL_PRON,interjection + pronom relatif
INTERROG_PART.FUT_PART.IMPERFECT_VERB.IVSUFF_SUBJ,particule interrogative + particule du futur + verbe à l'inaccompli (imperfectif) + suffixe sujet du verbe à l'inaccompli
INTERROG_PART.FUT_PART.IV1S.IMPERFECT_VERB.IVSUFF_SUBJ,"particule interrogative + particule du futur + marqueur de personne à l'inaccompli, 1re pers. sg. + verbe à l'inaccompli (imperfectif) + suffixe sujet du verbe à l'inaccompli"
INTERROG_PART.FUT_PART.IV3FS.IMPERFECT_VERB.IVSUFF_SUBJ,"particule interrogative + particule du futur + marqueur de personne à l'inaccompli, 3e pers. fém. sg. + verbe à l'inaccompli (imperfectif) + suffixe sujet du verbe à l'inaccompli"
INTERROG_PART.FUT_PART.IV3P.IMPERFECT_VERB.IVSUFF_SUBJ:P.IVSUFF_DO:3FS,"particule interrogative + particule du futur + marqueur de personne à l'inaccompli, 3e pers. pl. + verbe à l'inaccompli (imperfectif) + suffixe sujet du verbe à l'inaccompli (pl.) + suffixe clitique objet direct sur le verbe à l'inaccompli (3e pers. fém. sg.)"
INTERROG_PART.NOUN.IVSUFF_SUBJ,particule interrogative + nom + suffixe sujet du verbe à l'inaccompli
INTERROG_PART.PERFECT_VERB.PVSUFF_SUBJ:1S.PVSUFF_DO:2S,particule interrogative + verbe à l'accompli (perfectif) + suffixe sujet du verbe à l'accompli (1re pers. sg.) + suffixe clitique objet direct sur le verbe à l'accompli (2e pers. sg.)
INTERROG_PART.PERFECT_VERB.PVSUFF_SUBJ:2S,particule interrogative + verbe à l'accompli (perfectif) + suffixe sujet du verbe à l'accompli (2e pers. sg.)
INTERROG_PART.PERFECT_VERB.PVSUFF_SUBJ:3P,particule interrogative + verbe à l'accompli (perfectif) + suffixe sujet du verbe à l'accompli (3e pers. pl.)
INTERROG_PART.POSS_PRON_1S,"particule interrogative + pronom possessif, 1re pers. sg."
INTERROG_PART.PRG_PART.IV3FS.IMPERFECT_VERB.IVSUFF_SUBJ,"particule interrogative + particule de progressif (aspect progressif) + marqueur de personne à l'inaccompli, 3e pers. fém. sg. + verbe à l'inaccompli (imperfectif) + suffixe sujet du verbe à l'inaccompli"
INTERROG_PART.PRON_1P,"particule interrogative + pronom personnel, 1re pers. pl."
INTERROG_PART.PRON_1S,"particule interrogative + pronom personnel, 1re pers. sg."
INTERROG_PART.PRON_2FS,"particule interrogative + pronom personnel, 2e pers. fém. sg."
INTERROG_PART.PRON_2P,"particule interrogative + pronom personnel, 2e pers. pl."
INTERROG_PART.PRON_2S,"particule interrogative + pronom personnel, 2e pers. sg."
INTERROG_PART.PRON_3FS,"particule interrogative + pronom personnel, 3e pers. fém. sg."
INTERROG_PART.PRON_3MS,"particule interrogative + pronom personnel, 3e pers. masc. sg."
IV1P.IMPERFECT_VERB.IVSUFF_SUBJ:P,"marqueur de personne à l'inaccompli, 1re pers. pl. + verbe à l'inaccompli (imperfectif) + suffixe sujet du verbe à l'inaccompli (pl.)"
IV1P.IMPERFECT_VERB.IVSUFF_SUBJ:P.IVSUFF_DO:2MS,"marqueur de personne à l'inaccompli, 1re pers. pl. + verbe à l'inaccompli (imperfectif) + suffixe sujet du verbe à l'inaccompli (pl.) + suffixe clitique objet direct sur le verbe à l'inaccompli (2e pers. masc. sg.)"
IV1P.IMPERFECT_VERB.IVSUFF_SUBJ:P.IVSUFF_DO:3FS,"marqueur de personne à l'inaccompli, 1re pers. pl. + verbe à l'inaccompli (imperfectif) + suffixe sujet du verbe à l'inaccompli (pl.) + suffixe clitique objet direct sur le verbe à l'inaccompli (3e pers. fém. sg.)"
IV1P.IMPERFECT_VERB.IVSUFF_SUBJ:P.IVSUFF_DO:3MS,"marqueur de personne à l'inaccompli, 1re pers. pl. + verbe à l'inaccompli (imperfectif) + suffixe sujet du verbe à l'inaccompli (pl.) + suffixe clitique objet direct sur le verbe à l'inaccompli (3e pers. masc. sg.)"
IV1P.IMPERFECT_VERB.IVSUFF_SUBJ:P.IVSUFF_DO:3P,"marqueur de personne à l'inaccompli, 1re pers. pl. + verbe à l'inaccompli (imperfectif) + suffixe sujet du verbe à l'inaccompli (pl.) + suffixe clitique objet direct sur le verbe à l'inaccompli (3e pers. pl.)"
IV1P.IV-foreign.IVSUFF_SUBJ:P,"marqueur de personne à l'inaccompli, 1re pers. pl. + marqueur de personne à l'inaccompli, verbe d'origine étrangère + suffixe sujet du verbe à l'inaccompli (pl.)"
IV1S.IMPERFECT_VERB.IVSUFF_SUBJ,"marqueur de personne à l'inaccompli, 1re pers. sg. + verbe à l'inaccompli (imperfectif) + suffixe sujet du verbe à l'inaccompli"
IV1S.IMPERFECT_VERB.IVSUFF_SUBJ.IVSUFF_DO:2MP,"marqueur de personne à l'inaccompli, 1re pers. sg. + verbe à l'inaccompli (imperfectif) + suffixe sujet du verbe à l'inaccompli + suffixe clitique objet direct sur le verbe à l'inaccompli (2e pers. masc. pl.)"
IV1S.IMPERFECT_VERB.IVSUFF_SUBJ.IVSUFF_DO:2S,"marqueur de personne à l'inaccompli, 1re pers. sg. + verbe à l'inaccompli (imperfectif) + suffixe sujet du verbe à l'inaccompli + suffixe clitique objet direct sur le verbe à l'inaccompli (2e pers. sg.)"
IV1S.IMPERFECT_VERB.IVSUFF_SUBJ.IVSUFF_DO:3FS,"marqueur de personne à l'inaccompli, 1re pers. sg. + verbe à l'inaccompli (imperfectif) + suffixe sujet du verbe à l'inaccompli + suffixe clitique objet direct sur le verbe à l'inaccompli (3e pers. fém. sg.)"
IV1S.IMPERFECT_VERB.IVSUFF_SUBJ.IVSUFF_DO:3MP,"marqueur de personne à l'inaccompli, 1re pers. sg. + verbe à l'inaccompli (imperfectif) + suffixe sujet du verbe à l'inaccompli + suffixe clitique objet direct sur le verbe à l'inaccompli (3e pers. masc. pl.)"
IV1S.IMPERFECT_VERB.IVSUFF_SUBJ.IVSUFF_DO:3MS,"marqueur de personne à l'inaccompli, 1re pers. sg. + verbe à l'inaccompli (imperfectif) + suffixe sujet du verbe à l'inaccompli + suffixe clitique objet direct sur le verbe à l'inaccompli (3e pers. masc. sg.)"
IV1S.IMPERFECT_VERB.IVSUFF_SUBJ.IVSUFF_DO:3S,"marqueur de personne à l'inaccompli, 1re pers. sg. + verbe à l'inaccompli (imperfectif) + suffixe sujet du verbe à l'inaccompli + suffixe clitique objet direct sur le verbe à l'inaccompli (3e pers. sg.)"
IV1S.IMPERFECT_VERB.IVSUFF_SUBJ.IVSUFF_DO:3fS,"marqueur de personne à l'inaccompli, 1re pers. sg. + verbe à l'inaccompli (imperfectif) + suffixe sujet du verbe à l'inaccompli + suffixe clitique objet direct sur le verbe à l'inaccompli (3e pers. fém. sg.)"
IV1S.IMPERFECT_VERB.IVSUFF_SUBJ.NEG,"marqueur de personne à l'inaccompli, 1re pers. sg. + verbe à l'inaccompli (imperfectif) + suffixe sujet du verbe à l'inaccompli + marque de négation"
IV1S.IMPERFECT_VERB.IVSUFF_SUBJ.Prep.PRON_2P,"marqueur de personne à l'inaccompli, 1re pers. sg. + verbe à l'inaccompli (imperfectif) + suffixe sujet du verbe à l'inaccompli + préposition [variante de casse] + pronom personnel, 2e pers. pl."
IV1S.IMPERFECT_VERB.IVSUFF_SUBJ.Prep.PRON_2S,"marqueur de personne à l'inaccompli, 1re pers. sg. + verbe à l'inaccompli (imperfectif) + suffixe sujet du verbe à l'inaccompli + préposition [variante de casse] + pronom personnel, 2e pers. sg."
IV1S.IMPERFECT_VERB.IVSUFF_SUBJ.Prep.PRON_3MF,"marqueur de personne à l'inaccompli, 1re pers. sg. + verbe à l'inaccompli (imperfectif) + suffixe sujet du verbe à l'inaccompli + préposition [variante de casse] + pronom personnel, 3e pers. masc./fém. sg."
IV1S.IMPERFECT_VERB.IVSUFF_SUBJ.Prep.PRON_3MS,"marqueur de personne à l'inaccompli, 1re pers. sg. + verbe à l'inaccompli (imperfectif) + suffixe sujet du verbe à l'inaccompli + préposition [variante de casse] + pronom personnel, 3e pers. masc. sg."
IV1S.IMPERFECT_VERB_MSA.IVSUFF_SUBJ,"marqueur de personne à l'inaccompli, 1re pers. sg. + verbe à l'inaccompli (arabe standard, MSA) + suffixe sujet du verbe à l'inaccompli"
IV1S.IMPERFECT_VERB_MSA.IVSUFF_SUBJ.IVSUFF_DO:3FS,"marqueur de personne à l'inaccompli, 1re pers. sg. + verbe à l'inaccompli (arabe standard, MSA) + suffixe sujet du verbe à l'inaccompli + suffixe clitique objet direct sur le verbe à l'inaccompli (3e pers. fém. sg.)"
IV1S.IV-MSA.IVSUFF_SUBJ,"marqueur de personne à l'inaccompli, 1re pers. sg. + marqueur de personne à l'inaccompli (arabe standard, MSA) + suffixe sujet du verbe à l'inaccompli"
IV1S.IV-foreign.IVSUFF_SUBJ,"marqueur de personne à l'inaccompli, 1re pers. sg. + marqueur de personne à l'inaccompli, verbe d'origine étrangère + suffixe sujet du verbe à l'inaccompli"
IV1S.IV-foreign.IVSUFF_SUBJ.IVSUFF_DO:2S,"marqueur de personne à l'inaccompli, 1re pers. sg. + marqueur de personne à l'inaccompli, verbe d'origine étrangère + suffixe sujet du verbe à l'inaccompli + suffixe clitique objet direct sur le verbe à l'inaccompli (2e pers. sg.)"
IV1S.PV-foreign.IVSUFF_SUBJ,"marqueur de personne à l'inaccompli, 1re pers. sg. + verbe à l'accompli, forme étrangère + suffixe sujet du verbe à l'inaccompli"
IV1S.V-foreign.IVSUFF_SUBJ,"marqueur de personne à l'inaccompli, 1re pers. sg. + verbe conjugué d'origine étrangère + suffixe sujet du verbe à l'inaccompli"
IV2.IMPERFECT_VERB.IVSUFF_SUBJ,"marqueur de personne à l'inaccompli, 2e pers. + verbe à l'inaccompli (imperfectif) + suffixe sujet du verbe à l'inaccompli"
IV2.IMPERFECT_VERB.IVSUFF_SUBJ.IVSUFF_DO:3FS,"marqueur de personne à l'inaccompli, 2e pers. + verbe à l'inaccompli (imperfectif) + suffixe sujet du verbe à l'inaccompli + suffixe clitique objet direct sur le verbe à l'inaccompli (3e pers. fém. sg.)"
IV2.IMPERFECT_VERB.IVSUFF_SUBJ:2FS,"marqueur de personne à l'inaccompli, 2e pers. + verbe à l'inaccompli (imperfectif) + suffixe sujet du verbe à l'inaccompli (2e pers. fém. sg.)"
IV2.IMPERFECT_VERB.IVSUFF_SUBJ:2FS.IVSUFF_DO:1S,"marqueur de personne à l'inaccompli, 2e pers. + verbe à l'inaccompli (imperfectif) + suffixe sujet du verbe à l'inaccompli (2e pers. fém. sg.) + suffixe clitique objet direct sur le verbe à l'inaccompli (1re pers. sg.)"
IV2.IMPERFECT_VERB.IVSUFF_SUBJ:2FS.IVSUFF_DO:3FS,"marqueur de personne à l'inaccompli, 2e pers. + verbe à l'inaccompli (imperfectif) + suffixe sujet du verbe à l'inaccompli (2e pers. fém. sg.) + suffixe clitique objet direct sur le verbe à l'inaccompli (3e pers. fém. sg.)"
IV2FS.IMPERFECT_VERB.IVSUFF_SUBJ:2FS,"marqueur de personne à l'inaccompli, 2e pers. fém. sg. + verbe à l'inaccompli (imperfectif) + suffixe sujet du verbe à l'inaccompli (2e pers. fém. sg.)"
IV2FS.IMPERFECT_VERB.IVSUFF_SUBJ:2FS.IVSUFF_DO:1S,"marqueur de personne à l'inaccompli, 2e pers. fém. sg. + verbe à l'inaccompli (imperfectif) + suffixe sujet du verbe à l'inaccompli (2e pers. fém. sg.) + suffixe clitique objet direct sur le verbe à l'inaccompli (1re pers. sg.)"
IV2FS.IMPERFECT_VERB.IVSUFF_SUBJ:2FS.IVSUFF_DO:3FS,"marqueur de personne à l'inaccompli, 2e pers. fém. sg. + verbe à l'inaccompli (imperfectif) + suffixe sujet du verbe à l'inaccompli (2e pers. fém. sg.) + suffixe clitique objet direct sur le verbe à l'inaccompli (3e pers. fém. sg.)"
IV2FS.IMPERFECT_VERB.IVSUFF_SUBJ:2FS.IVSUFF_DO:3MS,"marqueur de personne à l'inaccompli, 2e pers. fém. sg. + verbe à l'inaccompli (imperfectif) + suffixe sujet du verbe à l'inaccompli (2e pers. fém. sg.) + suffixe clitique objet direct sur le verbe à l'inaccompli (3e pers. masc. sg.)"
IV2FS.IMPERFECT_VERB.IVSUFF_SUBJ:2FS.NEG,"marqueur de personne à l'inaccompli, 2e pers. fém. sg. + verbe à l'inaccompli (imperfectif) + suffixe sujet du verbe à l'inaccompli (2e pers. fém. sg.) + marque de négation"
IV2FS.IMPERFECT_VERB.IVSUFF_SUBJ:2FS.Prep.PRON_1S,"marqueur de personne à l'inaccompli, 2e pers. fém. sg. + verbe à l'inaccompli (imperfectif) + suffixe sujet du verbe à l'inaccompli (2e pers. fém. sg.) + préposition [variante de casse] + pronom personnel, 1re pers. sg."
IV2FS.IMPERFECT_VERB.PVSUFF_DO:1S,"marqueur de personne à l'inaccompli, 2e pers. fém. sg. + verbe à l'inaccompli (imperfectif) + suffixe clitique objet direct sur le verbe à l'accompli (1re pers. sg.)"
IV2FS.IMPERFECT_VERB_MSA.IVSUFF_SUBJ:2FS.IVSUFF_DO:1S,"marqueur de personne à l'inaccompli, 2e pers. fém. sg. + verbe à l'inaccompli (arabe standard, MSA) + suffixe sujet du verbe à l'inaccompli (2e pers. fém. sg.) + suffixe clitique objet direct sur le verbe à l'inaccompli (1re pers. sg.)"
IV2P.IMPERFECT_VERB.IVSUFF_SUBJ:P,"marqueur de personne à l'inaccompli, 2e pers. pl. + verbe à l'inaccompli (imperfectif) + suffixe sujet du verbe à l'inaccompli (pl.)"
IV2P.IMPERFECT_VERB.IVSUFF_SUBJ:P.IVSUFF_DO:1S,"marqueur de personne à l'inaccompli, 2e pers. pl. + verbe à l'inaccompli (imperfectif) + suffixe sujet du verbe à l'inaccompli (pl.) + suffixe clitique objet direct sur le verbe à l'inaccompli (1re pers. sg.)"
IV2P.IMPERFECT_VERB.IVSUFF_SUBJ:P.IVSUFF_DO:3FS,"marqueur de personne à l'inaccompli, 2e pers. pl. + verbe à l'inaccompli (imperfectif) + suffixe sujet du verbe à l'inaccompli (pl.) + suffixe clitique objet direct sur le verbe à l'inaccompli (3e pers. fém. sg.)"
IV2S.IMPERFECT_VERB.IVSUFF_SUBJ,"marqueur de personne à l'inaccompli, 2e pers. sg. + verbe à l'inaccompli (imperfectif) + suffixe sujet du verbe à l'inaccompli"
IV2S.IMPERFECT_VERB.IVSUFF_SUBJ.IVSUFF_DO:1S,"marqueur de personne à l'inaccompli, 2e pers. sg. + verbe à l'inaccompli (imperfectif) + suffixe sujet du verbe à l'inaccompli + suffixe clitique objet direct sur le verbe à l'inaccompli (1re pers. sg.)"
IV2S.IMPERFECT_VERB.IVSUFF_SUBJ.IVSUFF_DO:3FS,"marqueur de personne à l'inaccompli, 2e pers. sg. + verbe à l'inaccompli (imperfectif) + suffixe sujet du verbe à l'inaccompli + suffixe clitique objet direct sur le verbe à l'inaccompli (3e pers. fém. sg.)"
IV2S.IMPERFECT_VERB.IVSUFF_SUBJ.IVSUFF_DO:3MP,"marqueur de personne à l'inaccompli, 2e pers. sg. + verbe à l'inaccompli (imperfectif) + suffixe sujet du verbe à l'inaccompli + suffixe clitique objet direct sur le verbe à l'inaccompli (3e pers. masc. pl.)"
IV2S.IMPERFECT_VERB.IVSUFF_SUBJ.IVSUFF_DO:3MS,"marqueur de personne à l'inaccompli, 2e pers. sg. + verbe à l'inaccompli (imperfectif) + suffixe sujet du verbe à l'inaccompli + suffixe clitique objet direct sur le verbe à l'inaccompli (3e pers. masc. sg.)"
IV2S.IMPERFECT_VERB.IVSUFF_SUBJ.IVSUFF_DO:3MS.NEG,"marqueur de personne à l'inaccompli, 2e pers. sg. + verbe à l'inaccompli (imperfectif) + suffixe sujet du verbe à l'inaccompli + suffixe clitique objet direct sur le verbe à l'inaccompli (3e pers. masc. sg.) + marque de négation"
IV2S.IMPERFECT_VERB.IVSUFF_SUBJ.NEG,"marqueur de personne à l'inaccompli, 2e pers. sg. + verbe à l'inaccompli (imperfectif) + suffixe sujet du verbe à l'inaccompli + marque de négation"
IV2S.IMPERFECT_VERB.IVSUFF_SUBJ.PVSUFF_DO:3MS,"marqueur de personne à l'inaccompli, 2e pers. sg. + verbe à l'inaccompli (imperfectif) + suffixe sujet du verbe à l'inaccompli + suffixe clitique objet direct sur le verbe à l'accompli (3e pers. masc. sg.)"
IV2S.IMPERFECT_VERB.IVSUFF_SUBJ:2FS,"marqueur de personne à l'inaccompli, 2e pers. sg. + verbe à l'inaccompli (imperfectif) + suffixe sujet du verbe à l'inaccompli (2e pers. fém. sg.)"
IV2S.IMPERFECT_VERB.IVSUFF_SUBJ:2FS.IVSUFF_DO:3FS,"marqueur de personne à l'inaccompli, 2e pers. sg. + verbe à l'inaccompli (imperfectif) + suffixe sujet du verbe à l'inaccompli (2e pers. fém. sg.) + suffixe clitique objet direct sur le verbe à l'inaccompli (3e pers. fém. sg.)"
IV2S.IMPERFECT_VERB.PVSUFF_SUBJ:2FS.Prep.PRON_1S,"marqueur de personne à l'inaccompli, 2e pers. sg. + verbe à l'inaccompli (imperfectif) + suffixe sujet du verbe à l'accompli (2e pers. fém. sg.) + préposition [variante de casse] + pronom personnel, 1re pers. sg."
IV2S.IMPERFECT_VERB_MSA.IVSUFF_SUBJ,"marqueur de personne à l'inaccompli, 2e pers. sg. + verbe à l'inaccompli (arabe standard, MSA) + suffixe sujet du verbe à l'inaccompli"
IV2S.IV-foreign.IVSUFF_SUBJ,"marqueur de personne à l'inaccompli, 2e pers. sg. + marqueur de personne à l'inaccompli, verbe d'origine étrangère + suffixe sujet du verbe à l'inaccompli"
IV2S.PERFECT_VERB.PVSUFF_SUBJ:3MS,"marqueur de personne à l'inaccompli, 2e pers. sg. + verbe à l'accompli (perfectif) + suffixe sujet du verbe à l'accompli (3e pers. masc. sg.)"
IV3FS.IMPERFECT_VERB.IVSUFF_SUBJ,"marqueur de personne à l'inaccompli, 3e pers. fém. sg. + verbe à l'inaccompli (imperfectif) + suffixe sujet du verbe à l'inaccompli"
IV3FS.IMPERFECT_VERB.IVSUFF_SUBJ.IVSUFF_DO:1P,"marqueur de personne à l'inaccompli, 3e pers. fém. sg. + verbe à l'inaccompli (imperfectif) + suffixe sujet du verbe à l'inaccompli + suffixe clitique objet direct sur le verbe à l'inaccompli (1re pers. pl.)"
IV3FS.IMPERFECT_VERB.IVSUFF_SUBJ.IVSUFF_DO:1S,"marqueur de personne à l'inaccompli, 3e pers. fém. sg. + verbe à l'inaccompli (imperfectif) + suffixe sujet du verbe à l'inaccompli + suffixe clitique objet direct sur le verbe à l'inaccompli (1re pers. sg.)"
IV3FS.IMPERFECT_VERB.IVSUFF_SUBJ.IVSUFF_DO:2MP,"marqueur de personne à l'inaccompli, 3e pers. fém. sg. + verbe à l'inaccompli (imperfectif) + suffixe sujet du verbe à l'inaccompli + suffixe clitique objet direct sur le verbe à l'inaccompli (2e pers. masc. pl.)"
IV3FS.IMPERFECT_VERB.IVSUFF_SUBJ.IVSUFF_DO:2S,"marqueur de personne à l'inaccompli, 3e pers. fém. sg. + verbe à l'inaccompli (imperfectif) + suffixe sujet du verbe à l'inaccompli + suffixe clitique objet direct sur le verbe à l'inaccompli (2e pers. sg.)"
IV3FS.IMPERFECT_VERB.IVSUFF_SUBJ.IVSUFF_DO:3FS,"marqueur de personne à l'inaccompli, 3e pers. fém. sg. + verbe à l'inaccompli (imperfectif) + suffixe sujet du verbe à l'inaccompli + suffixe clitique objet direct sur le verbe à l'inaccompli (3e pers. fém. sg.)"
IV3FS.IMPERFECT_VERB.IVSUFF_SUBJ.IVSUFF_DO:3MP,"marqueur de personne à l'inaccompli, 3e pers. fém. sg. + verbe à l'inaccompli (imperfectif) + suffixe sujet du verbe à l'inaccompli + suffixe clitique objet direct sur le verbe à l'inaccompli (3e pers. masc. pl.)"
IV3FS.IMPERFECT_VERB.IVSUFF_SUBJ.IVSUFF_DO:3MS,"marqueur de personne à l'inaccompli, 3e pers. fém. sg. + verbe à l'inaccompli (imperfectif) + suffixe sujet du verbe à l'inaccompli + suffixe clitique objet direct sur le verbe à l'inaccompli (3e pers. masc. sg.)"
IV3FS.IMPERFECT_VERB.IVSUFF_SUBJ.IVSUFF_DO:3S,"marqueur de personne à l'inaccompli, 3e pers. fém. sg. + verbe à l'inaccompli (imperfectif) + suffixe sujet du verbe à l'inaccompli + suffixe clitique objet direct sur le verbe à l'inaccompli (3e pers. sg.)"
IV3FS.IMPERFECT_VERB.IVSUFF_SUBJ.Prep.PRON_1S,"marqueur de personne à l'inaccompli, 3e pers. fém. sg. + verbe à l'inaccompli (imperfectif) + suffixe sujet du verbe à l'inaccompli + préposition [variante de casse] + pronom personnel, 1re pers. sg."
IV3FS.IMPERFECT_VERB.IVSUFF_SUBJ.Prep.PRON_2S,"marqueur de personne à l'inaccompli, 3e pers. fém. sg. + verbe à l'inaccompli (imperfectif) + suffixe sujet du verbe à l'inaccompli + préposition [variante de casse] + pronom personnel, 2e pers. sg."
IV3FS.IMPERFECT_VERB.IVSUFF_SUBJ.Prep.PRON_3MF,"marqueur de personne à l'inaccompli, 3e pers. fém. sg. + verbe à l'inaccompli (imperfectif) + suffixe sujet du verbe à l'inaccompli + préposition [variante de casse] + pronom personnel, 3e pers. masc./fém. sg."
IV3FS.IMPERFECT_VERB.IVSUFF_SUBJ.Prep.PRON_3MS,"marqueur de personne à l'inaccompli, 3e pers. fém. sg. + verbe à l'inaccompli (imperfectif) + suffixe sujet du verbe à l'inaccompli + préposition [variante de casse] + pronom personnel, 3e pers. masc. sg."
IV3FS.IMPERFECT_VERB_MSA.IVSUFF_SUBJ,"marqueur de personne à l'inaccompli, 3e pers. fém. sg. + verbe à l'inaccompli (arabe standard, MSA) + suffixe sujet du verbe à l'inaccompli"
IV3FS.IV-foreign.IVSUFF_SUBJ,"marqueur de personne à l'inaccompli, 3e pers. fém. sg. + marqueur de personne à l'inaccompli, verbe d'origine étrangère + suffixe sujet du verbe à l'inaccompli"
IV3FS.IV-foreign.IVSUFF_SUBJ.Prep.PRON_1S,"marqueur de personne à l'inaccompli, 3e pers. fém. sg. + marqueur de personne à l'inaccompli, verbe d'origine étrangère + suffixe sujet du verbe à l'inaccompli + préposition [variante de casse] + pronom personnel, 1re pers. sg."
IV3MS.IMPERFECT_VERB.IVSUFF_SUBJ,"marqueur de personne à l'inaccompli, 3e pers. masc. sg. + verbe à l'inaccompli (imperfectif) + suffixe sujet du verbe à l'inaccompli"
IV3MS.IMPERFECT_VERB.IVSUFF_SUBJ.IVSUFF_DO:1P,"marqueur de personne à l'inaccompli, 3e pers. masc. sg. + verbe à l'inaccompli (imperfectif) + suffixe sujet du verbe à l'inaccompli + suffixe clitique objet direct sur le verbe à l'inaccompli (1re pers. pl.)"
IV3MS.IMPERFECT_VERB.IVSUFF_SUBJ.IVSUFF_DO:1S,"marqueur de personne à l'inaccompli, 3e pers. masc. sg. + verbe à l'inaccompli (imperfectif) + suffixe sujet du verbe à l'inaccompli + suffixe clitique objet direct sur le verbe à l'inaccompli (1re pers. sg.)"
IV3MS.IMPERFECT_VERB.IVSUFF_SUBJ.IVSUFF_DO:2MP,"marqueur de personne à l'inaccompli, 3e pers. masc. sg. + verbe à l'inaccompli (imperfectif) + suffixe sujet du verbe à l'inaccompli + suffixe clitique objet direct sur le verbe à l'inaccompli (2e pers. masc. pl.)"
IV3MS.IMPERFECT_VERB.IVSUFF_SUBJ.IVSUFF_DO:2S,"marqueur de personne à l'inaccompli, 3e pers. masc. sg. + verbe à l'inaccompli (imperfectif) + suffixe sujet du verbe à l'inaccompli + suffixe clitique objet direct sur le verbe à l'inaccompli (2e pers. sg.)"
IV3MS.IMPERFECT_VERB.IVSUFF_SUBJ.IVSUFF_DO:3FS,"marqueur de personne à l'inaccompli, 3e pers. masc. sg. + verbe à l'inaccompli (imperfectif) + suffixe sujet du verbe à l'inaccompli + suffixe clitique objet direct sur le verbe à l'inaccompli (3e pers. fém. sg.)"
IV3MS.IMPERFECT_VERB.IVSUFF_SUBJ.IVSUFF_DO:3MP,"marqueur de personne à l'inaccompli, 3e pers. masc. sg. + verbe à l'inaccompli (imperfectif) + suffixe sujet du verbe à l'inaccompli + suffixe clitique objet direct sur le verbe à l'inaccompli (3e pers. masc. pl.)"
IV3MS.IMPERFECT_VERB.IVSUFF_SUBJ.IVSUFF_DO:3MS,"marqueur de personne à l'inaccompli, 3e pers. masc. sg. + verbe à l'inaccompli (imperfectif) + suffixe sujet du verbe à l'inaccompli + suffixe clitique objet direct sur le verbe à l'inaccompli (3e pers. masc. sg.)"
IV3MS.IMPERFECT_VERB.IVSUFF_SUBJ.Prep.PRON_1S,"marqueur de personne à l'inaccompli, 3e pers. masc. sg. + verbe à l'inaccompli (imperfectif) + suffixe sujet du verbe à l'inaccompli + préposition [variante de casse] + pronom personnel, 1re pers. sg."
IV3MS.IMPERFECT_VERB.IVSUFF_SUBJ.Prep.PRON_2S,"marqueur de personne à l'inaccompli, 3e pers. masc. sg. + verbe à l'inaccompli (imperfectif) + suffixe sujet du verbe à l'inaccompli + préposition [variante de casse] + pronom personnel, 2e pers. sg."
IV3MS.IMPERFECT_VERB.IVSUFF_SUBJ.Prep.PRON_3MF,"marqueur de personne à l'inaccompli, 3e pers. masc. sg. + verbe à l'inaccompli (imperfectif) + suffixe sujet du verbe à l'inaccompli + préposition [variante de casse] + pronom personnel, 3e pers. masc./fém. sg."
IV3MS.IMPERFECT_VERB.IVSUFF_SUBJ:P,"marqueur de personne à l'inaccompli, 3e pers. masc. sg. + verbe à l'inaccompli (imperfectif) + suffixe sujet du verbe à l'inaccompli (pl.)"
IV3MS.IMPERFECT_VERB_MSA,"marqueur de personne à l'inaccompli, 3e pers. masc. sg. + verbe à l'inaccompli (arabe standard, MSA)"
IV3MS.IMPERFECT_VERB_MSA.IVSUFF_SUBJ,"marqueur de personne à l'inaccompli, 3e pers. masc. sg. + verbe à l'inaccompli (arabe standard, MSA) + suffixe sujet du verbe à l'inaccompli"
IV3MS.IMPERFECT_VERB_MSA.IVSUFF_SUBJ.IVSUFF_DO:1S,"marqueur de personne à l'inaccompli, 3e pers. masc. sg. + verbe à l'inaccompli (arabe standard, MSA) + suffixe sujet du verbe à l'inaccompli + suffixe clitique objet direct sur le verbe à l'inaccompli (1re pers. sg.)"
IV3MS.IMPERFECT_VERB_MSA.IVSUFF_SUBJ.IVSUFF_DO:2S,"marqueur de personne à l'inaccompli, 3e pers. masc. sg. + verbe à l'inaccompli (arabe standard, MSA) + suffixe sujet du verbe à l'inaccompli + suffixe clitique objet direct sur le verbe à l'inaccompli (2e pers. sg.)"
IV3MS.IMPERFECT_VERB_MSA.IVSUFF_SUBJ.IVSUFF_DO:3FS,"marqueur de personne à l'inaccompli, 3e pers. masc. sg. + verbe à l'inaccompli (arabe standard, MSA) + suffixe sujet du verbe à l'inaccompli + suffixe clitique objet direct sur le verbe à l'inaccompli (3e pers. fém. sg.)"
IV3MS.IV-foreign.IVSUFF_SUBJ,"marqueur de personne à l'inaccompli, 3e pers. masc. sg. + marqueur de personne à l'inaccompli, verbe d'origine étrangère + suffixe sujet du verbe à l'inaccompli"
IV3MS.V-foreign.IVSUFF_SUBJ,"marqueur de personne à l'inaccompli, 3e pers. masc. sg. + verbe conjugué d'origine étrangère + suffixe sujet du verbe à l'inaccompli"
IV3P.IMPERFECT_VERB.IVSUFF_SUBJ:P,"marqueur de personne à l'inaccompli, 3e pers. pl. + verbe à l'inaccompli (imperfectif) + suffixe sujet du verbe à l'inaccompli (pl.)"
IV3P.IMPERFECT_VERB.IVSUFF_SUBJ:P.IVSUFF_DO:1P,"marqueur de personne à l'inaccompli, 3e pers. pl. + verbe à l'inaccompli (imperfectif) + suffixe sujet du verbe à l'inaccompli (pl.) + suffixe clitique objet direct sur le verbe à l'inaccompli (1re pers. pl.)"
IV3P.IMPERFECT_VERB.IVSUFF_SUBJ:P.IVSUFF_DO:1S,"marqueur de personne à l'inaccompli, 3e pers. pl. + verbe à l'inaccompli (imperfectif) + suffixe sujet du verbe à l'inaccompli (pl.) + suffixe clitique objet direct sur le verbe à l'inaccompli (1re pers. sg.)"
IV3P.IMPERFECT_VERB.IVSUFF_SUBJ:P.IVSUFF_DO:2MS,"marqueur de personne à l'inaccompli, 3e pers. pl. + verbe à l'inaccompli (imperfectif) + suffixe sujet du verbe à l'inaccompli (pl.) + suffixe clitique objet direct sur le verbe à l'inaccompli (2e pers. masc. sg.)"
IV3P.IMPERFECT_VERB.IVSUFF_SUBJ:P.IVSUFF_DO:3FS,"marqueur de personne à l'inaccompli, 3e pers. pl. + verbe à l'inaccompli (imperfectif) + suffixe sujet du verbe à l'inaccompli (pl.) + suffixe clitique objet direct sur le verbe à l'inaccompli (3e pers. fém. sg.)"
IV3P.IMPERFECT_VERB.IVSUFF_SUBJ:P.IVSUFF_DO:3MS,"marqueur de personne à l'inaccompli, 3e pers. pl. + verbe à l'inaccompli (imperfectif) + suffixe sujet du verbe à l'inaccompli (pl.) + suffixe clitique objet direct sur le verbe à l'inaccompli (3e pers. masc. sg.)"
IV3P.IMPERFECT_VERB.IVSUFF_SUBJ:P.Prep.PRON_1S,"marqueur de personne à l'inaccompli, 3e pers. pl. + verbe à l'inaccompli (imperfectif) + suffixe sujet du verbe à l'inaccompli (pl.) + préposition [variante de casse] + pronom personnel, 1re pers. sg."
IV3P.IMPERFECT_VERB_MSA.IVSUFF_SUBJ:P,"marqueur de personne à l'inaccompli, 3e pers. pl. + verbe à l'inaccompli (arabe standard, MSA) + suffixe sujet du verbe à l'inaccompli (pl.)"
NEE.FUT_PART.IV3P.IMPERFECT_VERB.IVSUFF_SUBJ:P.NEG,"marque de négation [coquille : NEE pour NEG] + particule du futur + marqueur de personne à l'inaccompli, 3e pers. pl. + verbe à l'inaccompli (imperfectif) + suffixe sujet du verbe à l'inaccompli (pl.) + marque de négation"
NEG.ADJ-MSA,"marque de négation + adjectif (arabe standard, MSA)"
NEG.ADJ.IVSUFF_SUBJ,marque de négation + adjectif + suffixe sujet du verbe à l'inaccompli
NEG.ADJ.IVSUFF_SUBJ.NEG,marque de négation + adjectif + suffixe sujet du verbe à l'inaccompli + marque de négation
NEG.ADJ.NSUFF_FEM_SG,marque de négation + adjectif + suffixe nominal féminin singulier
NEG.ADJ.NSUFF_FEM_SG.NEG,marque de négation + adjectif + suffixe nominal féminin singulier + marque de négation
NEG.ADJ.NSUFF_MASC_PL,marque de négation + adjectif + suffixe nominal masculin pluriel
NEG.ADJ.NSUFF_MASC_PL.IVSUFF_DO:3FS.NEG,marque de négation + adjectif + suffixe nominal masculin pluriel + suffixe clitique objet direct sur le verbe à l'inaccompli (3e pers. fém. sg.) + marque de négation
NEG.ADJ.NSUFF_MASC_PL.NEG,marque de négation + adjectif + suffixe nominal masculin pluriel + marque de négation
NEG.ADV.PRON_1S,"marque de négation + adverbe + pronom personnel, 1re pers. sg."
NEG.ADV.PRON_3FS,"marque de négation + adverbe + pronom personnel, 3e pers. fém. sg."
NEG.ADV.PRON_3MS,"marque de négation + adverbe + pronom personnel, 3e pers. masc. sg."
NEG.FUNC_WORD.PRON_1P,"marque de négation + mot outil / mot fonctionnel + pronom personnel, 1re pers. pl."
NEG.FUNC_WORD.PRON_3FS,"marque de négation + mot outil / mot fonctionnel + pronom personnel, 3e pers. fém. sg."
NEG.FUT_PART.IV1S.IMPERFECT_VERB.IVSUFF_SUBJ,"marque de négation + particule du futur + marqueur de personne à l'inaccompli, 1re pers. sg. + verbe à l'inaccompli (imperfectif) + suffixe sujet du verbe à l'inaccompli"
NEG.FUT_PART.IV1S.IMPERFECT_VERB.IVSUFF_SUBJ.IVSUFF_DO:2S,"marque de négation + particule du futur + marqueur de personne à l'inaccompli, 1re pers. sg. + verbe à l'inaccompli (imperfectif) + suffixe sujet du verbe à l'inaccompli + suffixe clitique objet direct sur le verbe à l'inaccompli (2e pers. sg.)"
NEG.FUT_PART.IV1S.IMPERFECT_VERB.IVSUFF_SUBJ.IVSUFF_DO:3FS.NEG,"marque de négation + particule du futur + marqueur de personne à l'inaccompli, 1re pers. sg. + verbe à l'inaccompli (imperfectif) + suffixe sujet du verbe à l'inaccompli + suffixe clitique objet direct sur le verbe à l'inaccompli (3e pers. fém. sg.) + marque de négation"
NEG.FUT_PART.IV1S.IMPERFECT_VERB.IVSUFF_SUBJ.IVSUFF_DO:3MP.NEG,"marque de négation + particule du futur + marqueur de personne à l'inaccompli, 1re pers. sg. + verbe à l'inaccompli (imperfectif) + suffixe sujet du verbe à l'inaccompli + suffixe clitique objet direct sur le verbe à l'inaccompli (3e pers. masc. pl.) + marque de négation"
NEG.FUT_PART.IV1S.IMPERFECT_VERB.IVSUFF_SUBJ.NEG,"marque de négation + particule du futur + marqueur de personne à l'inaccompli, 1re pers. sg. + verbe à l'inaccompli (imperfectif) + suffixe sujet du verbe à l'inaccompli + marque de négation"
NEG.FUT_PART.IV2FS.IMPERFECT_VERB.IVSUFF_SUBJ:2FS.NEG,"marque de négation + particule du futur + marqueur de personne à l'inaccompli, 2e pers. fém. sg. + verbe à l'inaccompli (imperfectif) + suffixe sujet du verbe à l'inaccompli (2e pers. fém. sg.) + marque de négation"
NEG.FUT_PART.IV2P.IMPERFECT_VERB.IVSUFF_SUBJ:P.IVSUFF_DO:1P.NEG,"marque de négation + particule du futur + marqueur de personne à l'inaccompli, 2e pers. pl. + verbe à l'inaccompli (imperfectif) + suffixe sujet du verbe à l'inaccompli (pl.) + suffixe clitique objet direct sur le verbe à l'inaccompli (1re pers. pl.) + marque de négation"
NEG.FUT_PART.IV2S.IMPERFECT_VERB.IVSUFF_SUBJ,"marque de négation + particule du futur + marqueur de personne à l'inaccompli, 2e pers. sg. + verbe à l'inaccompli (imperfectif) + suffixe sujet du verbe à l'inaccompli"
NEG.FUT_PART.IV2S.IMPERFECT_VERB.IVSUFF_SUBJ.NEG,"marque de négation + particule du futur + marqueur de personne à l'inaccompli, 2e pers. sg. + verbe à l'inaccompli (imperfectif) + suffixe sujet du verbe à l'inaccompli + marque de négation"
NEG.FUT_PART.IV3FS.IMPERFECT_VERB.IVSUFF_SUBJ,"marque de négation + particule du futur + marqueur de personne à l'inaccompli, 3e pers. fém. sg. + verbe à l'inaccompli (imperfectif) + suffixe sujet du verbe à l'inaccompli"
NEG.FUT_PART.IV3FS.IMPERFECT_VERB.IVSUFF_SUBJ.IVSUFF_DO:1S.NEG,"marque de négation + particule du futur + marqueur de personne à l'inaccompli, 3e pers. fém. sg. + verbe à l'inaccompli (imperfectif) + suffixe sujet du verbe à l'inaccompli + suffixe clitique objet direct sur le verbe à l'inaccompli (1re pers. sg.) + marque de négation"
NEG.FUT_PART.IV3FS.IMPERFECT_VERB.IVSUFF_SUBJ.NEG,"marque de négation + particule du futur + marqueur de personne à l'inaccompli, 3e pers. fém. sg. + verbe à l'inaccompli (imperfectif) + suffixe sujet du verbe à l'inaccompli + marque de négation"
NEG.FUT_PART.IV3MS.IMPERFECT_VERB.IVSUFF_SUBJ,"marque de négation + particule du futur + marqueur de personne à l'inaccompli, 3e pers. masc. sg. + verbe à l'inaccompli (imperfectif) + suffixe sujet du verbe à l'inaccompli"
NEG.FUT_PART.IV3MS.IMPERFECT_VERB.IVSUFF_SUBJ.IVSUFF_DO:1P,"marque de négation + particule du futur + marqueur de personne à l'inaccompli, 3e pers. masc. sg. + verbe à l'inaccompli (imperfectif) + suffixe sujet du verbe à l'inaccompli + suffixe clitique objet direct sur le verbe à l'inaccompli (1re pers. pl.)"
NEG.FUT_PART.IV3MS.IMPERFECT_VERB.IVSUFF_SUBJ.IVSUFF_DO:1S.NEG,"marque de négation + particule du futur + marqueur de personne à l'inaccompli, 3e pers. masc. sg. + verbe à l'inaccompli (imperfectif) + suffixe sujet du verbe à l'inaccompli + suffixe clitique objet direct sur le verbe à l'inaccompli (1re pers. sg.) + marque de négation"
NEG.FUT_PART.IV3MS.IMPERFECT_VERB.IVSUFF_SUBJ.IVSUFF_DO:2S,"marque de négation + particule du futur + marqueur de personne à l'inaccompli, 3e pers. masc. sg. + verbe à l'inaccompli (imperfectif) + suffixe sujet du verbe à l'inaccompli + suffixe clitique objet direct sur le verbe à l'inaccompli (2e pers. sg.)"
NEG.FUT_PART.IV3MS.IMPERFECT_VERB.IVSUFF_SUBJ.IVSUFF_DO:3FS,"marque de négation + particule du futur + marqueur de personne à l'inaccompli, 3e pers. masc. sg. + verbe à l'inaccompli (imperfectif) + suffixe sujet du verbe à l'inaccompli + suffixe clitique objet direct sur le verbe à l'inaccompli (3e pers. fém. sg.)"
NEG.FUT_PART.IV3MS.IMPERFECT_VERB.IVSUFF_SUBJ.NEG,"marque de négation + particule du futur + marqueur de personne à l'inaccompli, 3e pers. masc. sg. + verbe à l'inaccompli (imperfectif) + suffixe sujet du verbe à l'inaccompli + marque de négation"
NEG.FUT_PART.IV3P.IMPERFECT_VERB.IVSUFF_SUBJ:P,"marque de négation + particule du futur + marqueur de personne à l'inaccompli, 3e pers. pl. + verbe à l'inaccompli (imperfectif) + suffixe sujet du verbe à l'inaccompli (pl.)"
NEG.FUT_PART.IV3P.IMPERFECT_VERB.IVSUFF_SUBJ:P.NEG,"marque de négation + particule du futur + marqueur de personne à l'inaccompli, 3e pers. pl. + verbe à l'inaccompli (imperfectif) + suffixe sujet du verbe à l'inaccompli (pl.) + marque de négation"
NEG.IMPERFECT_VERB.IVSUFF_SUBJ,marque de négation + verbe à l'inaccompli (imperfectif) + suffixe sujet du verbe à l'inaccompli
NEG.IMPERFECT_VERB.IVSUFF_SUBJ.IVSUFF_DO:3FS,marque de négation + verbe à l'inaccompli (imperfectif) + suffixe sujet du verbe à l'inaccompli + suffixe clitique objet direct sur le verbe à l'inaccompli (3e pers. fém. sg.)
NEG.IMPERFECT_VERB.IVSUFF_SUBJ.NEG,marque de négation + verbe à l'inaccompli (imperfectif) + suffixe sujet du verbe à l'inaccompli + marque de négation
NEG.IMPERFECT_VERB.IVSUFF_SUBJ:2FS.NEG,marque de négation + verbe à l'inaccompli (imperfectif) + suffixe sujet du verbe à l'inaccompli (2e pers. fém. sg.) + marque de négation
NEG.IMPERFECT_VERB.IVSUFF_SUBJ:3MS.IVSUFF_DO:1S.NEG,marque de négation + verbe à l'inaccompli (imperfectif) + suffixe sujet du verbe à l'inaccompli (3e pers. masc. sg.) + suffixe clitique objet direct sur le verbe à l'inaccompli (1re pers. sg.) + marque de négation
NEG.IMPERFECT_VERB.IVSUFF_SUBJ:P.NEG,marque de négation + verbe à l'inaccompli (imperfectif) + suffixe sujet du verbe à l'inaccompli (pl.) + marque de négation
NEG.IV1.IMPERFECT_VERB.IVSUFF_SUBJ:P.NEG,"marque de négation + marqueur de personne à l'inaccompli, 1re pers. + verbe à l'inaccompli (imperfectif) + suffixe sujet du verbe à l'inaccompli (pl.) + marque de négation"
NEG.IV1P.IMPERFECT_VERB.IVSUFF_SUBJ:P,"marque de négation + marqueur de personne à l'inaccompli, 1re pers. pl. + verbe à l'inaccompli (imperfectif) + suffixe sujet du verbe à l'inaccompli (pl.)"
NEG.IV1P.IMPERFECT_VERB.IVSUFF_SUBJ:P.IVSUFF_DO:3MS.NEG,"marque de négation + marqueur de personne à l'inaccompli, 1re pers. pl. + verbe à l'inaccompli (imperfectif) + suffixe sujet du verbe à l'inaccompli (pl.) + suffixe clitique objet direct sur le verbe à l'inaccompli (3e pers. masc. sg.) + marque de négation"
NEG.IV1P.IMPERFECT_VERB.IVSUFF_SUBJ:P.IVSUFF_DO:3P.NEG,"marque de négation + marqueur de personne à l'inaccompli, 1re pers. pl. + verbe à l'inaccompli (imperfectif) + suffixe sujet du verbe à l'inaccompli (pl.) + suffixe clitique objet direct sur le verbe à l'inaccompli (3e pers. pl.) + marque de négation"
NEG.IV1P.IMPERFECT_VERB.IVSUFF_SUBJ:P.NEG,"marque de négation + marqueur de personne à l'inaccompli, 1re pers. pl. + verbe à l'inaccompli (imperfectif) + suffixe sujet du verbe à l'inaccompli (pl.) + marque de négation"
NEG.IV1S.IMPERFECT_VERB.IVSUFF_SUBJ,"marque de négation + marqueur de personne à l'inaccompli, 1re pers. sg. + verbe à l'inaccompli (imperfectif) + suffixe sujet du verbe à l'inaccompli"
NEG.IV1S.IMPERFECT_VERB.IVSUFF_SUBJ.IVSUFF_DO:2MS.NEG,"marque de négation + marqueur de personne à l'inaccompli, 1re pers. sg. + verbe à l'inaccompli (imperfectif) + suffixe sujet du verbe à l'inaccompli + suffixe clitique objet direct sur le verbe à l'inaccompli (2e pers. masc. sg.) + marque de négation"
NEG.IV1S.IMPERFECT_VERB.IVSUFF_SUBJ.IVSUFF_DO:3FS,"marque de négation + marqueur de personne à l'inaccompli, 1re pers. sg. + verbe à l'inaccompli (imperfectif) + suffixe sujet du verbe à l'inaccompli + suffixe clitique objet direct sur le verbe à l'inaccompli (3e pers. fém. sg.)"
NEG.IV1S.IMPERFECT_VERB.IVSUFF_SUBJ.IVSUFF_DO:3FS.NEG,"marque de négation + marqueur de personne à l'inaccompli, 1re pers. sg. + verbe à l'inaccompli (imperfectif) + suffixe sujet du verbe à l'inaccompli + suffixe clitique objet direct sur le verbe à l'inaccompli (3e pers. fém. sg.) + marque de négation"
NEG.IV1S.IMPERFECT_VERB.IVSUFF_SUBJ.NEG,"marque de négation + marqueur de personne à l'inaccompli, 1re pers. sg. + verbe à l'inaccompli (imperfectif) + suffixe sujet du verbe à l'inaccompli + marque de négation"
NEG.IV1S.IV-MSA.IVSUFF_SUBJ.NEG,"marque de négation + marqueur de personne à l'inaccompli, 1re pers. sg. + marqueur de personne à l'inaccompli (arabe standard, MSA) + suffixe sujet du verbe à l'inaccompli + marque de négation"
NEG.IV1S.IV-foreign.IVSUFF_SUBJ.NEG,"marque de négation + marqueur de personne à l'inaccompli, 1re pers. sg. + marqueur de personne à l'inaccompli, verbe d'origine étrangère + suffixe sujet du verbe à l'inaccompli + marque de négation"
NEG.IV2FS.IMPERFECT_VERB.IVSUFF_SUBJ:2FS,"marque de négation + marqueur de personne à l'inaccompli, 2e pers. fém. sg. + verbe à l'inaccompli (imperfectif) + suffixe sujet du verbe à l'inaccompli (2e pers. fém. sg.)"
NEG.IV2FS.IMPERFECT_VERB.IVSUFF_SUBJ:2FS.IVSUFF_DO:1S,"marque de négation + marqueur de personne à l'inaccompli, 2e pers. fém. sg. + verbe à l'inaccompli (imperfectif) + suffixe sujet du verbe à l'inaccompli (2e pers. fém. sg.) + suffixe clitique objet direct sur le verbe à l'inaccompli (1re pers. sg.)"
NEG.IV2FS.IMPERFECT_VERB.IVSUFF_SUBJ:2FS.IVSUFF_DO:1S.NEG,"marque de négation + marqueur de personne à l'inaccompli, 2e pers. fém. sg. + verbe à l'inaccompli (imperfectif) + suffixe sujet du verbe à l'inaccompli (2e pers. fém. sg.) + suffixe clitique objet direct sur le verbe à l'inaccompli (1re pers. sg.) + marque de négation"
NEG.IV2FS.IMPERFECT_VERB.IVSUFF_SUBJ:2FS.NEG,"marque de négation + marqueur de personne à l'inaccompli, 2e pers. fém. sg. + verbe à l'inaccompli (imperfectif) + suffixe sujet du verbe à l'inaccompli (2e pers. fém. sg.) + marque de négation"
NEG.IV2P.IMPERFECT_VERB.IVSUFF_SUBJ:P.IVSUFF_DO:1P.NEG,"marque de négation + marqueur de personne à l'inaccompli, 2e pers. pl. + verbe à l'inaccompli (imperfectif) + suffixe sujet du verbe à l'inaccompli (pl.) + suffixe clitique objet direct sur le verbe à l'inaccompli (1re pers. pl.) + marque de négation"
NEG.IV2P.IMPERFECT_VERB.IVSUFF_SUBJ:P.IVSUFF_DO:1S.NEG,"marque de négation + marqueur de personne à l'inaccompli, 2e pers. pl. + verbe à l'inaccompli (imperfectif) + suffixe sujet du verbe à l'inaccompli (pl.) + suffixe clitique objet direct sur le verbe à l'inaccompli (1re pers. sg.) + marque de négation"
NEG.IV2P.IMPERFECT_VERB.IVSUFF_SUBJ:P.NEG,"marque de négation + marqueur de personne à l'inaccompli, 2e pers. pl. + verbe à l'inaccompli (imperfectif) + suffixe sujet du verbe à l'inaccompli (pl.) + marque de négation"
NEG.IV2S.IMPERFECT_VERB.IVSUFF_SUBJ.IVSUFF_DO:1S,"marque de négation + marqueur de personne à l'inaccompli, 2e pers. sg. + verbe à l'inaccompli (imperfectif) + suffixe sujet du verbe à l'inaccompli + suffixe clitique objet direct sur le verbe à l'inaccompli (1re pers. sg.)"
NEG.IV2S.IMPERFECT_VERB.IVSUFF_SUBJ.IVSUFF_DO:1S.NEG,"marque de négation + marqueur de personne à l'inaccompli, 2e pers. sg. + verbe à l'inaccompli (imperfectif) + suffixe sujet du verbe à l'inaccompli + suffixe clitique objet direct sur le verbe à l'inaccompli (1re pers. sg.) + marque de négation"
NEG.IV2S.IMPERFECT_VERB.IVSUFF_SUBJ.IVSUFF_DO:3FS.NEG,"marque de négation + marqueur de personne à l'inaccompli, 2e pers. sg. + verbe à l'inaccompli (imperfectif) + suffixe sujet du verbe à l'inaccompli + suffixe clitique objet direct sur le verbe à l'inaccompli (3e pers. fém. sg.) + marque de négation"
NEG.IV2S.IMPERFECT_VERB.IVSUFF_SUBJ.NEG,"marque de négation + marqueur de personne à l'inaccompli, 2e pers. sg. + verbe à l'inaccompli (imperfectif) + suffixe sujet du verbe à l'inaccompli + marque de négation"
NEG.IV2S.IMPERFECT_VERB.IVSUFF_SUBJ:2FS.NEG,"marque de négation + marqueur de personne à l'inaccompli, 2e pers. sg. + verbe à l'inaccompli (imperfectif) + suffixe sujet du verbe à l'inaccompli (2e pers. fém. sg.) + marque de négation"
NEG.IV3FS.IMPERFECT_VERB.IVSUFF_SUBJ,"marque de négation + marqueur de personne à l'inaccompli, 3e pers. fém. sg. + verbe à l'inaccompli (imperfectif) + suffixe sujet du verbe à l'inaccompli"
NEG.IV3FS.IMPERFECT_VERB.IVSUFF_SUBJ.IVSUFF_DO:2MS.NEG,"marque de négation + marqueur de personne à l'inaccompli, 3e pers. fém. sg. + verbe à l'inaccompli (imperfectif) + suffixe sujet du verbe à l'inaccompli + suffixe clitique objet direct sur le verbe à l'inaccompli (2e pers. masc. sg.) + marque de négation"
NEG.IV3FS.IMPERFECT_VERB.IVSUFF_SUBJ.IVSUFF_DO:3FS.NEG,"marque de négation + marqueur de personne à l'inaccompli, 3e pers. fém. sg. + verbe à l'inaccompli (imperfectif) + suffixe sujet du verbe à l'inaccompli + suffixe clitique objet direct sur le verbe à l'inaccompli (3e pers. fém. sg.) + marque de négation"
NEG.IV3FS.IMPERFECT_VERB.IVSUFF_SUBJ.NEG,"marque de négation + marqueur de personne à l'inaccompli, 3e pers. fém. sg. + verbe à l'inaccompli (imperfectif) + suffixe sujet du verbe à l'inaccompli + marque de négation"
NEG.IV3MS.IMPERFECT_VERB.IVSUFF_SUBJ,"marque de négation + marqueur de personne à l'inaccompli, 3e pers. masc. sg. + verbe à l'inaccompli (imperfectif) + suffixe sujet du verbe à l'inaccompli"
NEG.IV3MS.IMPERFECT_VERB.IVSUFF_SUBJ.IVSUFF_DO:1P,"marque de négation + marqueur de personne à l'inaccompli, 3e pers. masc. sg. + verbe à l'inaccompli (imperfectif) + suffixe sujet du verbe à l'inaccompli + suffixe clitique objet direct sur le verbe à l'inaccompli (1re pers. pl.)"
NEG.IV3MS.IMPERFECT_VERB.IVSUFF_SUBJ.IVSUFF_DO:1S,"marque de négation + marqueur de personne à l'inaccompli, 3e pers. masc. sg. + verbe à l'inaccompli (imperfectif) + suffixe sujet du verbe à l'inaccompli + suffixe clitique objet direct sur le verbe à l'inaccompli (1re pers. sg.)"
NEG.IV3MS.IMPERFECT_VERB.IVSUFF_SUBJ.IVSUFF_DO:2MS.NEG,"marque de négation + marqueur de personne à l'inaccompli, 3e pers. masc. sg. + verbe à l'inaccompli (imperfectif) + suffixe sujet du verbe à l'inaccompli + suffixe clitique objet direct sur le verbe à l'inaccompli (2e pers. masc. sg.) + marque de négation"
NEG.IV3MS.IMPERFECT_VERB.IVSUFF_SUBJ.IVSUFF_DO:3FS.NEG,"marque de négation + marqueur de personne à l'inaccompli, 3e pers. masc. sg. + verbe à l'inaccompli (imperfectif) + suffixe sujet du verbe à l'inaccompli + suffixe clitique objet direct sur le verbe à l'inaccompli (3e pers. fém. sg.) + marque de négation"
NEG.IV3MS.IMPERFECT_VERB.IVSUFF_SUBJ.IVSUFF_DO:3MS.NEG,"marque de négation + marqueur de personne à l'inaccompli, 3e pers. masc. sg. + verbe à l'inaccompli (imperfectif) + suffixe sujet du verbe à l'inaccompli + suffixe clitique objet direct sur le verbe à l'inaccompli (3e pers. masc. sg.) + marque de négation"
NEG.IV3MS.IMPERFECT_VERB.IVSUFF_SUBJ.NEG,"marque de négation + marqueur de personne à l'inaccompli, 3e pers. masc. sg. + verbe à l'inaccompli (imperfectif) + suffixe sujet du verbe à l'inaccompli + marque de négation"
NEG.IV3P.IMPERFECT_VERB.IVSUFF_SUBJ:P.NEG,"marque de négation + marqueur de personne à l'inaccompli, 3e pers. pl. + verbe à l'inaccompli (imperfectif) + suffixe sujet du verbe à l'inaccompli (pl.) + marque de négation"
NEG.NOUN,marque de négation + nom
NEG.NOUN.IVSUFF_SUBJ,marque de négation + nom + suffixe sujet du verbe à l'inaccompli
NEG.NOUN.IVSUFF_SUBJ.IVSUFF_DO:1S.NEG,marque de négation + nom + suffixe sujet du verbe à l'inaccompli + suffixe clitique objet direct sur le verbe à l'inaccompli (1re pers. sg.) + marque de négation
NEG.NOUN.IVSUFF_SUBJ.NEG,marque de négation + nom + suffixe sujet du verbe à l'inaccompli + marque de négation
NEG.NOUN.NSUFF_FEM_SG,marque de négation + nom + suffixe nominal féminin singulier
NEG.NOUN.NSUFF_FEM_SG.NEG,marque de négation + nom + suffixe nominal féminin singulier + marque de négation
NEG.NOUN.NSUFF_MASC_PL.NEG,marque de négation + nom + suffixe nominal masculin pluriel + marque de négation
NEG.PERFECT_VERB.PVSUFF_SUBJ:1P,marque de négation + verbe à l'accompli (perfectif) + suffixe sujet du verbe à l'accompli (1re pers. pl.)
NEG.PERFECT_VERB.PVSUFF_SUBJ:1P.NEG,marque de négation + verbe à l'accompli (perfectif) + suffixe sujet du verbe à l'accompli (1re pers. pl.) + marque de négation
NEG.PERFECT_VERB.PVSUFF_SUBJ:1P.PVSUFF_DO:3FS,marque de négation + verbe à l'accompli (perfectif) + suffixe sujet du verbe à l'accompli (1re pers. pl.) + suffixe clitique objet direct sur le verbe à l'accompli (3e pers. fém. sg.)
NEG.PERFECT_VERB.PVSUFF_SUBJ:1S,marque de négation + verbe à l'accompli (perfectif) + suffixe sujet du verbe à l'accompli (1re pers. sg.)
NEG.PERFECT_VERB.PVSUFF_SUBJ:1S.NEG,marque de négation + verbe à l'accompli (perfectif) + suffixe sujet du verbe à l'accompli (1re pers. sg.) + marque de négation
NEG.PERFECT_VERB.PVSUFF_SUBJ:1S.PVSUFF_DO:2FS.NEG,marque de négation + verbe à l'accompli (perfectif) + suffixe sujet du verbe à l'accompli (1re pers. sg.) + suffixe clitique objet direct sur le verbe à l'accompli (2e pers. fém. sg.) + marque de négation
NEG.PERFECT_VERB.PVSUFF_SUBJ:1S.PVSUFF_DO:2S,marque de négation + verbe à l'accompli (perfectif) + suffixe sujet du verbe à l'accompli (1re pers. sg.) + suffixe clitique objet direct sur le verbe à l'accompli (2e pers. sg.)
NEG.PERFECT_VERB.PVSUFF_SUBJ:1S.PVSUFF_DO:2S.NEG,marque de négation + verbe à l'accompli (perfectif) + suffixe sujet du verbe à l'accompli (1re pers. sg.) + suffixe clitique objet direct sur le verbe à l'accompli (2e pers. sg.) + marque de négation
NEG.PERFECT_VERB.PVSUFF_SUBJ:1S.PVSUFF_DO:3FS.NEG,marque de négation + verbe à l'accompli (perfectif) + suffixe sujet du verbe à l'accompli (1re pers. sg.) + suffixe clitique objet direct sur le verbe à l'accompli (3e pers. fém. sg.) + marque de négation
NEG.PERFECT_VERB.PVSUFF_SUBJ:1S.PVSUFF_DO:3MP.NEG,marque de négation + verbe à l'accompli (perfectif) + suffixe sujet du verbe à l'accompli (1re pers. sg.) + suffixe clitique objet direct sur le verbe à l'accompli (3e pers. masc. pl.) + marque de négation
NEG.PERFECT_VERB.PVSUFF_SUBJ:1S.PVSUFF_DO:3MS,marque de négation + verbe à l'accompli (perfectif) + suffixe sujet du verbe à l'accompli (1re pers. sg.) + suffixe clitique objet direct sur le verbe à l'accompli (3e pers. masc. sg.)
NEG.PERFECT_VERB.PVSUFF_SUBJ:1S.PVSUFF_DO:3MS.NEG,marque de négation + verbe à l'accompli (perfectif) + suffixe sujet du verbe à l'accompli (1re pers. sg.) + suffixe clitique objet direct sur le verbe à l'accompli (3e pers. masc. sg.) + marque de négation
NEG.PERFECT_VERB.PVSUFF_SUBJ:1S.Prep.PRON_3MF,"marque de négation + verbe à l'accompli (perfectif) + suffixe sujet du verbe à l'accompli (1re pers. sg.) + préposition [variante de casse] + pronom personnel, 3e pers. masc./fém. sg."
NEG.PERFECT_VERB.PVSUFF_SUBJ:2FS.PVSUFF_DO:3FS,marque de négation + verbe à l'accompli (perfectif) + suffixe sujet du verbe à l'accompli (2e pers. fém. sg.) + suffixe clitique objet direct sur le verbe à l'accompli (3e pers. fém. sg.)
NEG.PERFECT_VERB.PVSUFF_SUBJ:2P.NEG,marque de négation + verbe à l'accompli (perfectif) + suffixe sujet du verbe à l'accompli (2e pers. pl.) + marque de négation
NEG.PERFECT_VERB.PVSUFF_SUBJ:2S,marque de négation + verbe à l'accompli (perfectif) + suffixe sujet du verbe à l'accompli (2e pers. sg.)
NEG.PERFECT_VERB.PVSUFF_SUBJ:2S.NEG,marque de négation + verbe à l'accompli (perfectif) + suffixe sujet du verbe à l'accompli (2e pers. sg.) + marque de négation
NEG.PERFECT_VERB.PVSUFF_SUBJ:2S.PVSUFF_DO:1S.NEG,marque de négation + verbe à l'accompli (perfectif) + suffixe sujet du verbe à l'accompli (2e pers. sg.) + suffixe clitique objet direct sur le verbe à l'accompli (1re pers. sg.) + marque de négation
NEG.PERFECT_VERB.PVSUFF_SUBJ:2S.PVSUFF_DO:3FS.NEG,marque de négation + verbe à l'accompli (perfectif) + suffixe sujet du verbe à l'accompli (2e pers. sg.) + suffixe clitique objet direct sur le verbe à l'accompli (3e pers. fém. sg.) + marque de négation
NEG.PERFECT_VERB.PVSUFF_SUBJ:2S.PVSUFF_DO:3MS.NEG,marque de négation + verbe à l'accompli (perfectif) + suffixe sujet du verbe à l'accompli (2e pers. sg.) + suffixe clitique objet direct sur le verbe à l'accompli (3e pers. masc. sg.) + marque de négation
NEG.PERFECT_VERB.PVSUFF_SUBJ:2SF.PVSUFF_DO:1S.NEG,marque de négation + verbe à l'accompli (perfectif) + suffixe sujet du verbe à l'accompli (2e pers. fém. sg.) + suffixe clitique objet direct sur le verbe à l'accompli (1re pers. sg.) + marque de négation
NEG.PERFECT_VERB.PVSUFF_SUBJ:3F,marque de négation + verbe à l'accompli (perfectif) + suffixe sujet du verbe à l'accompli (3e pers. fém. sg.)
NEG.PERFECT_VERB.PVSUFF_SUBJ:3F.NEG,marque de négation + verbe à l'accompli (perfectif) + suffixe sujet du verbe à l'accompli (3e pers. fém. sg.) + marque de négation
NEG.PERFECT_VERB.PVSUFF_SUBJ:3F.PVSUFF_DO:1S,marque de négation + verbe à l'accompli (perfectif) + suffixe sujet du verbe à l'accompli (3e pers. fém. sg.) + suffixe clitique objet direct sur le verbe à l'accompli (1re pers. sg.)
NEG.PERFECT_VERB.PVSUFF_SUBJ:3F.PVSUFF_DO:1S.NEG,marque de négation + verbe à l'accompli (perfectif) + suffixe sujet du verbe à l'accompli (3e pers. fém. sg.) + suffixe clitique objet direct sur le verbe à l'accompli (1re pers. sg.) + marque de négation
NEG.PERFECT_VERB.PVSUFF_SUBJ:3F.PVSUFF_DO:3FS.NEG,marque de négation + verbe à l'accompli (perfectif) + suffixe sujet du verbe à l'accompli (3e pers. fém. sg.) + suffixe clitique objet direct sur le verbe à l'accompli (3e pers. fém. sg.) + marque de négation
NEG.PERFECT_VERB.PVSUFF_SUBJ:3F.PVSUFF_DO:3MP.NEG,marque de négation + verbe à l'accompli (perfectif) + suffixe sujet du verbe à l'accompli (3e pers. fém. sg.) + suffixe clitique objet direct sur le verbe à l'accompli (3e pers. masc. pl.) + marque de négation
NEG.PERFECT_VERB.PVSUFF_SUBJ:3F.PVSUFF_DO:3MS.NEG,marque de négation + verbe à l'accompli (perfectif) + suffixe sujet du verbe à l'accompli (3e pers. fém. sg.) + suffixe clitique objet direct sur le verbe à l'accompli (3e pers. masc. sg.) + marque de négation
NEG.PERFECT_VERB.PVSUFF_SUBJ:3F.Prep.PRON_3MF.NEG,"marque de négation + verbe à l'accompli (perfectif) + suffixe sujet du verbe à l'accompli (3e pers. fém. sg.) + préposition [variante de casse] + pronom personnel, 3e pers. masc./fém. sg. + marque de négation"
NEG.PERFECT_VERB.PVSUFF_SUBJ:3MS,marque de négation + verbe à l'accompli (perfectif) + suffixe sujet du verbe à l'accompli (3e pers. masc. sg.)
NEG.PERFECT_VERB.PVSUFF_SUBJ:3MS.NEG,marque de négation + verbe à l'accompli (perfectif) + suffixe sujet du verbe à l'accompli (3e pers. masc. sg.) + marque de négation
NEG.PERFECT_VERB.PVSUFF_SUBJ:3MS.PVSUFF_DO:1S,marque de négation + verbe à l'accompli (perfectif) + suffixe sujet du verbe à l'accompli (3e pers. masc. sg.) + suffixe clitique objet direct sur le verbe à l'accompli (1re pers. sg.)
NEG.PERFECT_VERB.PVSUFF_SUBJ:3MS.PVSUFF_DO:1S.NEG,marque de négation + verbe à l'accompli (perfectif) + suffixe sujet du verbe à l'accompli (3e pers. masc. sg.) + suffixe clitique objet direct sur le verbe à l'accompli (1re pers. sg.) + marque de négation
NEG.PERFECT_VERB.PVSUFF_SUBJ:3MS.PVSUFF_DO:2MS.NEG,marque de négation + verbe à l'accompli (perfectif) + suffixe sujet du verbe à l'accompli (3e pers. masc. sg.) + suffixe clitique objet direct sur le verbe à l'accompli (2e pers. masc. sg.) + marque de négation
NEG.PERFECT_VERB.PVSUFF_SUBJ:3MS.PVSUFF_DO:2S.NEG,marque de négation + verbe à l'accompli (perfectif) + suffixe sujet du verbe à l'accompli (3e pers. masc. sg.) + suffixe clitique objet direct sur le verbe à l'accompli (2e pers. sg.) + marque de négation
NEG.PERFECT_VERB.PVSUFF_SUBJ:3MS.PVSUFF_DO:3FS.NEG,marque de négation + verbe à l'accompli (perfectif) + suffixe sujet du verbe à l'accompli (3e pers. masc. sg.) + suffixe clitique objet direct sur le verbe à l'accompli (3e pers. fém. sg.) + marque de négation
NEG.PERFECT_VERB.PVSUFF_SUBJ:3MS.PVSUFF_DO:3MS.NEG,marque de négation + verbe à l'accompli (perfectif) + suffixe sujet du verbe à l'accompli (3e pers. masc. sg.) + suffixe clitique objet direct sur le verbe à l'accompli (3e pers. masc. sg.) + marque de négation
NEG.PERFECT_VERB.PVSUFF_SUBJ:3P,marque de négation + verbe à l'accompli (perfectif) + suffixe sujet du verbe à l'accompli (3e pers. pl.)
NEG.PERFECT_VERB.PVSUFF_SUBJ:3P.PVSUFF_DO:1P,marque de négation + verbe à l'accompli (perfectif) + suffixe sujet du verbe à l'accompli (3e pers. pl.) + suffixe clitique objet direct sur le verbe à l'accompli (1re pers. pl.)
NEG.PERFECT_VERB.PVSUFF_SUBJ:P.NEG,marque de négation + verbe à l'accompli (perfectif) + suffixe sujet du verbe à l'accompli (pl.) + marque de négation
NEG.PERFECT_VERB.PVSUFF_SUBJ:P.PVSUFF_DO:1S.NEG,marque de négation + verbe à l'accompli (perfectif) + suffixe sujet du verbe à l'accompli (pl.) + suffixe clitique objet direct sur le verbe à l'accompli (1re pers. sg.) + marque de négation
NEG.PERFECT_VERB.PVSUFF_SUBJ:P.PVSUFF_DO:3FS.NEG,marque de négation + verbe à l'accompli (perfectif) + suffixe sujet du verbe à l'accompli (pl.) + suffixe clitique objet direct sur le verbe à l'accompli (3e pers. fém. sg.) + marque de négation
NEG.PERFECT_VERB.PVSUFF_SUBJ:P.PVSUFF_DO:3MS.NEG,marque de négation + verbe à l'accompli (perfectif) + suffixe sujet du verbe à l'accompli (pl.) + suffixe clitique objet direct sur le verbe à l'accompli (3e pers. masc. sg.) + marque de négation
NEG.PERFECT_VERB.PVSUFF_SUBJ:P.PVSUFF_DO:3MS.NEG.NEG,marque de négation + verbe à l'accompli (perfectif) + suffixe sujet du verbe à l'accompli (pl.) + suffixe clitique objet direct sur le verbe à l'accompli (3e pers. masc. sg.) + marque de négation + marque de négation
NEG.PREP.NOUN.POSS_PRON_1S.NEG,"marque de négation + préposition + nom + pronom possessif, 1re pers. sg. + marque de négation"
NEG.PREP.PRON_1P,"marque de négation + préposition + pronom personnel, 1re pers. pl."
NEG.PREP.PRON_1S,"marque de négation + préposition + pronom personnel, 1re pers. sg."
NEG.PREP.PRON_1S.NEG,"marque de négation + préposition + pronom personnel, 1re pers. sg. + marque de négation"
NEG.PREP.PRON_2S,"marque de négation + préposition + pronom personnel, 2e pers. sg."
NEG.PREP.PRON_2S.NEG,"marque de négation + préposition + pronom personnel, 2e pers. sg. + marque de négation"
NEG.PREP.PRON_3FS,"marque de négation + préposition + pronom personnel, 3e pers. fém. sg."
NEG.PREP.PRON_3FS.NEG,"marque de négation + préposition + pronom personnel, 3e pers. fém. sg. + marque de négation"
NEG.PREP.PRON_3MP,"marque de négation + préposition + pronom personnel, 3e pers. masc. pl."
NEG.PREP.PRON_3MP.NEG,"marque de négation + préposition + pronom personnel, 3e pers. masc. pl. + marque de négation"
NEG.PREP.PRON_3MS,"marque de négation + préposition + pronom personnel, 3e pers. masc. sg."
NEG.PREP.PRON_3MS.NEG,"marque de négation + préposition + pronom personnel, 3e pers. masc. sg. + marque de négation"
NEG.PRG_PART.IV1P.IMPERFECT_VERB.IVSUFF_SUBJ:P.NEG,"marque de négation + particule de progressif (aspect progressif) + marqueur de personne à l'inaccompli, 1re pers. pl. + verbe à l'inaccompli (imperfectif) + suffixe sujet du verbe à l'inaccompli (pl.) + marque de négation"
NEG.PRG_PART.IV1S.IMPERFECT_VERB.IVSUFF_SUBJ,"marque de négation + particule de progressif (aspect progressif) + marqueur de personne à l'inaccompli, 1re pers. sg. + verbe à l'inaccompli (imperfectif) + suffixe sujet du verbe à l'inaccompli"
NEG.PRG_PART.IV1S.IMPERFECT_VERB.IVSUFF_SUBJ.IVSUFF_DO:2MS.NEG,"marque de négation + particule de progressif (aspect progressif) + marqueur de personne à l'inaccompli, 1re pers. sg. + verbe à l'inaccompli (imperfectif) + suffixe sujet du verbe à l'inaccompli + suffixe clitique objet direct sur le verbe à l'inaccompli (2e pers. masc. sg.) + marque de négation"
NEG.PRG_PART.IV1S.IMPERFECT_VERB.IVSUFF_SUBJ.IVSUFF_DO:3FS,"marque de négation + particule de progressif (aspect progressif) + marqueur de personne à l'inaccompli, 1re pers. sg. + verbe à l'inaccompli (imperfectif) + suffixe sujet du verbe à l'inaccompli + suffixe clitique objet direct sur le verbe à l'inaccompli (3e pers. fém. sg.)"
NEG.PRG_PART.IV1S.IMPERFECT_VERB.IVSUFF_SUBJ.IVSUFF_DO:3MP,"marque de négation + particule de progressif (aspect progressif) + marqueur de personne à l'inaccompli, 1re pers. sg. + verbe à l'inaccompli (imperfectif) + suffixe sujet du verbe à l'inaccompli + suffixe clitique objet direct sur le verbe à l'inaccompli (3e pers. masc. pl.)"
NEG.PRG_PART.IV1S.IMPERFECT_VERB.IVSUFF_SUBJ.IVSUFF_DO:3MP.NEG,"marque de négation + particule de progressif (aspect progressif) + marqueur de personne à l'inaccompli, 1re pers. sg. + verbe à l'inaccompli (imperfectif) + suffixe sujet du verbe à l'inaccompli + suffixe clitique objet direct sur le verbe à l'inaccompli (3e pers. masc. pl.) + marque de négation"
NEG.PRG_PART.IV1S.IMPERFECT_VERB.IVSUFF_SUBJ.IVSUFF_DO:3MS,"marque de négation + particule de progressif (aspect progressif) + marqueur de personne à l'inaccompli, 1re pers. sg. + verbe à l'inaccompli (imperfectif) + suffixe sujet du verbe à l'inaccompli + suffixe clitique objet direct sur le verbe à l'inaccompli (3e pers. masc. sg.)"
NEG.PRG_PART.IV1S.IMPERFECT_VERB.IVSUFF_SUBJ.IVSUFF_DO:3MS.NEG,"marque de négation + particule de progressif (aspect progressif) + marqueur de personne à l'inaccompli, 1re pers. sg. + verbe à l'inaccompli (imperfectif) + suffixe sujet du verbe à l'inaccompli + suffixe clitique objet direct sur le verbe à l'inaccompli (3e pers. masc. sg.) + marque de négation"
NEG.PRG_PART.IV1S.IMPERFECT_VERB.IVSUFF_SUBJ.NEG,"marque de négation + particule de progressif (aspect progressif) + marqueur de personne à l'inaccompli, 1re pers. sg. + verbe à l'inaccompli (imperfectif) + suffixe sujet du verbe à l'inaccompli + marque de négation"
NEG.PRG_PART.IV2FS.IMPERFECT_VERB.IVSUFF_SUBJ:2FS.IVSUFF_DO:1S.NEG,"marque de négation + particule de progressif (aspect progressif) + marqueur de personne à l'inaccompli, 2e pers. fém. sg. + verbe à l'inaccompli (imperfectif) + suffixe sujet du verbe à l'inaccompli (2e pers. fém. sg.) + suffixe clitique objet direct sur le verbe à l'inaccompli (1re pers. sg.) + marque de négation"
NEG.PRG_PART.IV2FS.IMPERFECT_VERB.IVSUFF_SUBJ:2FS.NEG,"marque de négation + particule de progressif (aspect progressif) + marqueur de personne à l'inaccompli, 2e pers. fém. sg. + verbe à l'inaccompli (imperfectif) + suffixe sujet du verbe à l'inaccompli (2e pers. fém. sg.) + marque de négation"
NEG.PRG_PART.IV2S.IMPERFECT_VERB.IVSUFF_SUBJ.NEG,"marque de négation + particule de progressif (aspect progressif) + marqueur de personne à l'inaccompli, 2e pers. sg. + verbe à l'inaccompli (imperfectif) + suffixe sujet du verbe à l'inaccompli + marque de négation"
NEG.PRG_PART.IV2S.IMPERFECT_VERB.IVSUFF_SUBJ:2FS.NEG,"marque de négation + particule de progressif (aspect progressif) + marqueur de personne à l'inaccompli, 2e pers. sg. + verbe à l'inaccompli (imperfectif) + suffixe sujet du verbe à l'inaccompli (2e pers. fém. sg.) + marque de négation"
NEG.PRG_PART.IV3FS.IMPERFECT_VERB.IVSUFF_SUBJ.IVSUFF_DO:1S,"marque de négation + particule de progressif (aspect progressif) + marqueur de personne à l'inaccompli, 3e pers. fém. sg. + verbe à l'inaccompli (imperfectif) + suffixe sujet du verbe à l'inaccompli + suffixe clitique objet direct sur le verbe à l'inaccompli (1re pers. sg.)"
NEG.PRG_PART.IV3FS.IMPERFECT_VERB.IVSUFF_SUBJ.IVSUFF_DO:1S.NEG,"marque de négation + particule de progressif (aspect progressif) + marqueur de personne à l'inaccompli, 3e pers. fém. sg. + verbe à l'inaccompli (imperfectif) + suffixe sujet du verbe à l'inaccompli + suffixe clitique objet direct sur le verbe à l'inaccompli (1re pers. sg.) + marque de négation"
NEG.PRG_PART.IV3FS.IMPERFECT_VERB.IVSUFF_SUBJ.IVSUFF_DO:3FS.NEG,"marque de négation + particule de progressif (aspect progressif) + marqueur de personne à l'inaccompli, 3e pers. fém. sg. + verbe à l'inaccompli (imperfectif) + suffixe sujet du verbe à l'inaccompli + suffixe clitique objet direct sur le verbe à l'inaccompli (3e pers. fém. sg.) + marque de négation"
NEG.PRG_PART.IV3FS.IMPERFECT_VERB.IVSUFF_SUBJ.IVSUFF_DO:3MS.NEG,"marque de négation + particule de progressif (aspect progressif) + marqueur de personne à l'inaccompli, 3e pers. fém. sg. + verbe à l'inaccompli (imperfectif) + suffixe sujet du verbe à l'inaccompli + suffixe clitique objet direct sur le verbe à l'inaccompli (3e pers. masc. sg.) + marque de négation"
NEG.PRG_PART.IV3FS.IMPERFECT_VERB.IVSUFF_SUBJ.NEG,"marque de négation + particule de progressif (aspect progressif) + marqueur de personne à l'inaccompli, 3e pers. fém. sg. + verbe à l'inaccompli (imperfectif) + suffixe sujet du verbe à l'inaccompli + marque de négation"
NEG.PRG_PART.IV3MS.IMPERFECT_VERB.IVSUFF_SUBJ,"marque de négation + particule de progressif (aspect progressif) + marqueur de personne à l'inaccompli, 3e pers. masc. sg. + verbe à l'inaccompli (imperfectif) + suffixe sujet du verbe à l'inaccompli"
NEG.PRG_PART.IV3MS.IMPERFECT_VERB.IVSUFF_SUBJ.IVSUFF_DO:1S.NEG,"marque de négation + particule de progressif (aspect progressif) + marqueur de personne à l'inaccompli, 3e pers. masc. sg. + verbe à l'inaccompli (imperfectif) + suffixe sujet du verbe à l'inaccompli + suffixe clitique objet direct sur le verbe à l'inaccompli (1re pers. sg.) + marque de négation"
NEG.PRG_PART.IV3MS.IMPERFECT_VERB.IVSUFF_SUBJ.IVSUFF_DO:3FS,"marque de négation + particule de progressif (aspect progressif) + marqueur de personne à l'inaccompli, 3e pers. masc. sg. + verbe à l'inaccompli (imperfectif) + suffixe sujet du verbe à l'inaccompli + suffixe clitique objet direct sur le verbe à l'inaccompli (3e pers. fém. sg.)"
NEG.PRG_PART.IV3MS.IMPERFECT_VERB.IVSUFF_SUBJ.IVSUFF_DO:3FS.NEG,"marque de négation + particule de progressif (aspect progressif) + marqueur de personne à l'inaccompli, 3e pers. masc. sg. + verbe à l'inaccompli (imperfectif) + suffixe sujet du verbe à l'inaccompli + suffixe clitique objet direct sur le verbe à l'inaccompli (3e pers. fém. sg.) + marque de négation"
NEG.PRG_PART.IV3MS.IMPERFECT_VERB.IVSUFF_SUBJ.IVSUFF_DO:3MS.NEG,"marque de négation + particule de progressif (aspect progressif) + marqueur de personne à l'inaccompli, 3e pers. masc. sg. + verbe à l'inaccompli (imperfectif) + suffixe sujet du verbe à l'inaccompli + suffixe clitique objet direct sur le verbe à l'inaccompli (3e pers. masc. sg.) + marque de négation"
NEG.PRG_PART.IV3MS.IMPERFECT_VERB.IVSUFF_SUBJ.NEG,"marque de négation + particule de progressif (aspect progressif) + marqueur de personne à l'inaccompli, 3e pers. masc. sg. + verbe à l'inaccompli (imperfectif) + suffixe sujet du verbe à l'inaccompli + marque de négation"
NEG.PRG_PART.IV3P.IMPERFECT_VERB.IVSUFF_SUBJ:P.IVSUFF_DO:1P.NEG,"marque de négation + particule de progressif (aspect progressif) + marqueur de personne à l'inaccompli, 3e pers. pl. + verbe à l'inaccompli (imperfectif) + suffixe sujet du verbe à l'inaccompli (pl.) + suffixe clitique objet direct sur le verbe à l'inaccompli (1re pers. pl.) + marque de négation"
NEG.PRG_PART.IV3P.IMPERFECT_VERB.IVSUFF_SUBJ:P.IVSUFF_DO:1S.NEG,"marque de négation + particule de progressif (aspect progressif) + marqueur de personne à l'inaccompli, 3e pers. pl. + verbe à l'inaccompli (imperfectif) + suffixe sujet du verbe à l'inaccompli (pl.) + suffixe clitique objet direct sur le verbe à l'inaccompli (1re pers. sg.) + marque de négation"
NEG.PRG_PART.IV3P.IMPERFECT_VERB.IVSUFF_SUBJ:P.NEG,"marque de négation + particule de progressif (aspect progressif) + marqueur de personne à l'inaccompli, 3e pers. pl. + verbe à l'inaccompli (imperfectif) + suffixe sujet du verbe à l'inaccompli (pl.) + marque de négation"
NEG.PRON_1P,"marque de négation + pronom personnel, 1re pers. pl."
NEG.PV-MSA.PVSUFF_SUBJ:1S.NEG,"marque de négation + verbe à l'accompli (arabe standard, MSA) + suffixe sujet du verbe à l'accompli (1re pers. sg.) + marque de négation"
NEG.PV-foreign.PVSUFF_SUBJ:2S.NEG,"marque de négation + verbe à l'accompli, forme étrangère + suffixe sujet du verbe à l'accompli (2e pers. sg.) + marque de négation"
NEG.PV-foreign.PVSUFF_SUBJ:3F.NEG,"marque de négation + verbe à l'accompli, forme étrangère + suffixe sujet du verbe à l'accompli (3e pers. fém. sg.) + marque de négation"
NEG.PV-foreign.PVSUFF_SUBJ:3MS.NEG,"marque de négation + verbe à l'accompli, forme étrangère + suffixe sujet du verbe à l'accompli (3e pers. masc. sg.) + marque de négation"
NEG.V-foreign.PVSUFF_SUBJ:1S,marque de négation + verbe conjugué d'origine étrangère + suffixe sujet du verbe à l'accompli (1re pers. sg.)
NOUN-Foreign.NSUFF_FEM_PL,nom d'origine étrangère + suffixe nominal féminin pluriel
NOUN-Foreign.NSUFF_FEM_SG,nom d'origine étrangère + suffixe nominal féminin singulier
NOUN-Foreign.NSUFF_FEM_SG.POSS_PRON_1S,"nom d'origine étrangère + suffixe nominal féminin singulier + pronom possessif, 1re pers. sg."
NOUN-Foreign.NSUFF_FEM_SG.POSS_PRON_2S,"nom d'origine étrangère + suffixe nominal féminin singulier + pronom possessif, 2e pers. sg."
NOUN-Foreign.NSUFF_FEM_SG.POSS_PRON_3FS,"nom d'origine étrangère + suffixe nominal féminin singulier + pronom possessif, 3e pers. fém. sg."
NOUN-Foreign.NSUFF_FEM_SG.POSS_PRON_3MP,"nom d'origine étrangère + suffixe nominal féminin singulier + pronom possessif, 3e pers. masc. pl."
NOUN-Foreign.NSUFF_FEM_SG.POSS_PRON_3MS,"nom d'origine étrangère + suffixe nominal féminin singulier + pronom possessif, 3e pers. masc. sg."
NOUN-Foreign.NSUFF_MASC_PL,nom d'origine étrangère + suffixe nominal masculin pluriel
NOUN-Foreign.POSS_PRON,nom d'origine étrangère + pronom possessif (clitique)
NOUN-Foreign.POSS_PRON_1P,"nom d'origine étrangère + pronom possessif, 1re pers. pl."
NOUN-Foreign.POSS_PRON_1S,"nom d'origine étrangère + pronom possessif, 1re pers. sg."
NOUN-Foreign.POSS_PRON_2S,"nom d'origine étrangère + pronom possessif, 2e pers. sg."
NOUN-Foreign.POSS_PRON_3FS,"nom d'origine étrangère + pronom possessif, 3e pers. fém. sg."
NOUN-Foreign.POSS_PRON_3MS,"nom d'origine étrangère + pronom possessif, 3e pers. masc. sg."
NOUN-Foreign.PVSUFF_SUBJ:1S.PVSUFF_DO:3MS,nom d'origine étrangère + suffixe sujet du verbe à l'accompli (1re pers. sg.) + suffixe clitique objet direct sur le verbe à l'accompli (3e pers. masc. sg.)
NOUN-MSA.NSUFF_FEM_PL,"nom (arabe standard, MSA) + suffixe nominal féminin pluriel"
NOUN-MSA.NSUFF_FEM_SG,"nom (arabe standard, MSA) + suffixe nominal féminin singulier"
NOUN-MSA.NSUFF_FEM_SG.POSS_PRON_1P,"nom (arabe standard, MSA) + suffixe nominal féminin singulier + pronom possessif, 1re pers. pl."
NOUN-MSA.NSUFF_FEM_SG.POSS_PRON_1S,"nom (arabe standard, MSA) + suffixe nominal féminin singulier + pronom possessif, 1re pers. sg."
NOUN-MSA.NSUFF_FEM_SG.POSS_PRON_2S,"nom (arabe standard, MSA) + suffixe nominal féminin singulier + pronom possessif, 2e pers. sg."
NOUN-MSA.NSUFF_FEM_SG.POSS_PRON_3FS,"nom (arabe standard, MSA) + suffixe nominal féminin singulier + pronom possessif, 3e pers. fém. sg."
NOUN-MSA.NSUFF_FEM_SG.POSS_PRON_3MP,"nom (arabe standard, MSA) + suffixe nominal féminin singulier + pronom possessif, 3e pers. masc. pl."
NOUN-MSA.NSUFF_FEM_SG.POSS_PRON_3MS,"nom (arabe standard, MSA) + suffixe nominal féminin singulier + pronom possessif, 3e pers. masc. sg."
NOUN-MSA.POSS_PRON_1P,"nom (arabe standard, MSA) + pronom possessif, 1re pers. pl."
NOUN-MSA.POSS_PRON_1S,"nom (arabe standard, MSA) + pronom possessif, 1re pers. sg."
NOUN-MSA.POSS_PRON_2S,"nom (arabe standard, MSA) + pronom possessif, 2e pers. sg."
NOUN-MSA.POSS_PRON_3FS,"nom (arabe standard, MSA) + pronom possessif, 3e pers. fém. sg."
NOUN-MSA.POSS_PRON_3MP,"nom (arabe standard, MSA) + pronom possessif, 3e pers. masc. pl."
NOUN.IVSUFF_SUBJ,nom + suffixe sujet du verbe à l'inaccompli
NOUN.IVSUFF_SUBJ.IVSUFF_DO:1P,nom + suffixe sujet du verbe à l'inaccompli + suffixe clitique objet direct sur le verbe à l'inaccompli (1re pers. pl.)
NOUN.IVSUFF_SUBJ.IVSUFF_DO:1S,nom + suffixe sujet du verbe à l'inaccompli + suffixe clitique objet direct sur le verbe à l'inaccompli (1re pers. sg.)
NOUN.IVSUFF_SUBJ.IVSUFF_DO:2MP,nom + suffixe sujet du verbe à l'inaccompli + suffixe clitique objet direct sur le verbe à l'inaccompli (2e pers. masc. pl.)
NOUN.IVSUFF_SUBJ.IVSUFF_DO:2S,nom + suffixe sujet du verbe à l'inaccompli + suffixe clitique objet direct sur le verbe à l'inaccompli (2e pers. sg.)
NOUN.IVSUFF_SUBJ.IVSUFF_DO:3FS,nom + suffixe sujet du verbe à l'inaccompli + suffixe clitique objet direct sur le verbe à l'inaccompli (3e pers. fém. sg.)
NOUN.IVSUFF_SUBJ.IVSUFF_DO:3MP,nom + suffixe sujet du verbe à l'inaccompli + suffixe clitique objet direct sur le verbe à l'inaccompli (3e pers. masc. pl.)
NOUN.IVSUFF_SUBJ.IVSUFF_DO:3MS,nom + suffixe sujet du verbe à l'inaccompli + suffixe clitique objet direct sur le verbe à l'inaccompli (3e pers. masc. sg.)
NOUN.IVSUFF_SUBJ.NEG,nom + suffixe sujet du verbe à l'inaccompli + marque de négation
NOUN.NSUFF_FEM_DU,nom + suffixe nominal féminin duel
NOUN.NSUFF_FEM_PL,nom + suffixe nominal féminin pluriel
NOUN.NSUFF_FEM_PL.POSS_PRON_1S,"nom + suffixe nominal féminin pluriel + pronom possessif, 1re pers. sg."
NOUN.NSUFF_FEM_PL.POSS_PRON_2M,"nom + suffixe nominal féminin pluriel + pronom possessif, 2e pers. masc."
NOUN.NSUFF_FEM_PL.POSS_PRON_3FS,"nom + suffixe nominal féminin pluriel + pronom possessif, 3e pers. fém. sg."
NOUN.NSUFF_FEM_PL.POSS_PRON_3MS,"nom + suffixe nominal féminin pluriel + pronom possessif, 3e pers. masc. sg."
NOUN.NSUFF_FEM_SG,nom + suffixe nominal féminin singulier
NOUN.NSUFF_FEM_SG.IVSUFF_DO:1S,nom + suffixe nominal féminin singulier + suffixe clitique objet direct sur le verbe à l'inaccompli (1re pers. sg.)
NOUN.NSUFF_FEM_SG.IVSUFF_DO:2S,nom + suffixe nominal féminin singulier + suffixe clitique objet direct sur le verbe à l'inaccompli (2e pers. sg.)
NOUN.NSUFF_FEM_SG.IVSUFF_DO:3FS,nom + suffixe nominal féminin singulier + suffixe clitique objet direct sur le verbe à l'inaccompli (3e pers. fém. sg.)
NOUN.NSUFF_FEM_SG.NEG,nom + suffixe nominal féminin singulier + marque de négation
NOUN.NSUFF_FEM_SG.POSS_PRON_1P,"nom + suffixe nominal féminin singulier + pronom possessif, 1re pers. pl."
NOUN.NSUFF_FEM_SG.POSS_PRON_1S,"nom + suffixe nominal féminin singulier + pronom possessif, 1re pers. sg."
NOUN.NSUFF_FEM_SG.POSS_PRON_2S,"nom + suffixe nominal féminin singulier + pronom possessif, 2e pers. sg."
NOUN.NSUFF_FEM_SG.POSS_PRON_3FS,"nom + suffixe nominal féminin singulier + pronom possessif, 3e pers. fém. sg."
NOUN.NSUFF_FEM_SG.POSS_PRON_3MP,"nom + suffixe nominal féminin singulier + pronom possessif, 3e pers. masc. pl."
NOUN.NSUFF_FEM_SG.POSS_PRON_3MS,"nom + suffixe nominal féminin singulier + pronom possessif, 3e pers. masc. sg."
NOUN.NSUFF_MASC.POSS_PRON_1P,"nom + suffixe nominal masculin + pronom possessif, 1re pers. pl."
NOUN.NSUFF_MASC.POSS_PRON_2S,"nom + suffixe nominal masculin + pronom possessif, 2e pers. sg."
NOUN.NSUFF_MASC.POSS_PRON_3FS,"nom + suffixe nominal masculin + pronom possessif, 3e pers. fém. sg."
NOUN.NSUFF_MASC.POSS_PRON_3MS,"nom + suffixe nominal masculin + pronom possessif, 3e pers. masc. sg."
NOUN.NSUFF_MASC_DU,nom + suffixe nominal masculin duel
NOUN.NSUFF_MASC_DU.POSS_PRON_2S,"nom + suffixe nominal masculin duel + pronom possessif, 2e pers. sg."
NOUN.NSUFF_MASC_DU.POSS_PRON_3FS,"nom + suffixe nominal masculin duel + pronom possessif, 3e pers. fém. sg."
NOUN.NSUFF_MASC_DU.POSS_PRON_3MS,"nom + suffixe nominal masculin duel + pronom possessif, 3e pers. masc. sg."
NOUN.NSUFF_MASC_PL,nom + suffixe nominal masculin pluriel
NOUN.NSUFF_MASC_PL.IVSUFF_DO:1S,nom + suffixe nominal masculin pluriel + suffixe clitique objet direct sur le verbe à l'inaccompli (1re pers. sg.)
NOUN.NSUFF_MASC_PL.IVSUFF_DO:2S,nom + suffixe nominal masculin pluriel + suffixe clitique objet direct sur le verbe à l'inaccompli (2e pers. sg.)
NOUN.NSUFF_MASC_PL.IVSUFF_DO:3FS,nom + suffixe nominal masculin pluriel + suffixe clitique objet direct sur le verbe à l'inaccompli (3e pers. fém. sg.)
NOUN.NSUFF_MASC_PL.IVSUFF_DO:3MP,nom + suffixe nominal masculin pluriel + suffixe clitique objet direct sur le verbe à l'inaccompli (3e pers. masc. pl.)
NOUN.NSUFF_MASC_PL.IVSUFF_DO:3MS,nom + suffixe nominal masculin pluriel + suffixe clitique objet direct sur le verbe à l'inaccompli (3e pers. masc. sg.)
NOUN.POSS_PRON_1P,"nom + pronom possessif, 1re pers. pl."
NOUN.POSS_PRON_1P.NEG,"nom + pronom possessif, 1re pers. pl. + marque de négation"
NOUN.POSS_PRON_1S,"nom + pronom possessif, 1re pers. sg."
NOUN.POSS_PRON_2MP,"nom + pronom possessif, 2e pers. masc. pl."
NOUN.POSS_PRON_2S,"nom + pronom possessif, 2e pers. sg."
NOUN.POSS_PRON_3FS,"nom + pronom possessif, 3e pers. fém. sg."
NOUN.POSS_PRON_3MP,"nom + pronom possessif, 3e pers. masc. pl."
NOUN.POSS_PRON_3MS,"nom + pronom possessif, 3e pers. masc. sg."
NOUN.PRON_1P,"nom + pronom personnel, 1re pers. pl."
NOUN.PRON_1S,"nom + pronom personnel, 1re pers. sg."
NOUN.PRON_2P,"nom + pronom personnel, 2e pers. pl."
NOUN.PRON_2S,"nom + pronom personnel, 2e pers. sg."
NOUN.PRON_3FS,"nom + pronom personnel, 3e pers. fém. sg."
NOUN.PRON_3MP,"nom + pronom personnel, 3e pers. masc. pl."
NOUN.PRON_3MS,"nom + pronom personnel, 3e pers. masc. sg."
Nall-foreign.NSUFF_FEM_SG,nom d'origine étrangère [coquille : Nall pour Noun] + suffixe nominal féminin singulier
Noun.PRON_1S,"nom [variante de casse de NOUN] + pronom personnel, 1re pers. sg."
Numb.NSUFF_FEM_SG,numéral / nombre + suffixe nominal féminin singulier
PERFECT_VERB-MSA.PVSUFF_SUBJ-3P.PVSUFF_DO:1S,"verbe à l'accompli (arabe standard, MSA) + suffixe sujet du verbe à l'accompli, 3e pers. pl. [coquille de notation] + suffixe clitique objet direct sur le verbe à l'accompli (1re pers. sg.)"
PERFECT_VERB-MSA.PVSUFF_SUBJ:1P,"verbe à l'accompli (arabe standard, MSA) + suffixe sujet du verbe à l'accompli (1re pers. pl.)"
PERFECT_VERB-MSA.PVSUFF_SUBJ:1P.PVSUFF_DO:3FS,"verbe à l'accompli (arabe standard, MSA) + suffixe sujet du verbe à l'accompli (1re pers. pl.) + suffixe clitique objet direct sur le verbe à l'accompli (3e pers. fém. sg.)"
PERFECT_VERB-MSA.PVSUFF_SUBJ:1S,"verbe à l'accompli (arabe standard, MSA) + suffixe sujet du verbe à l'accompli (1re pers. sg.)"
PERFECT_VERB-MSA.PVSUFF_SUBJ:1S.PVSUFF_DO:3MP,"verbe à l'accompli (arabe standard, MSA) + suffixe sujet du verbe à l'accompli (1re pers. sg.) + suffixe clitique objet direct sur le verbe à l'accompli (3e pers. masc. pl.)"
PERFECT_VERB-MSA.PVSUFF_SUBJ:3F,"verbe à l'accompli (arabe standard, MSA) + suffixe sujet du verbe à l'accompli (3e pers. fém. sg.)"
PERFECT_VERB-MSA.PVSUFF_SUBJ:3MS,"verbe à l'accompli (arabe standard, MSA) + suffixe sujet du verbe à l'accompli (3e pers. masc. sg.)"
PERFECT_VERB-MSA.PVSUFF_SUBJ:3MS.PVSUFF_DO:1S,"verbe à l'accompli (arabe standard, MSA) + suffixe sujet du verbe à l'accompli (3e pers. masc. sg.) + suffixe clitique objet direct sur le verbe à l'accompli (1re pers. sg.)"
PERFECT_VERB-MSA.PVSUFF_SUBJ:3P,"verbe à l'accompli (arabe standard, MSA) + suffixe sujet du verbe à l'accompli (3e pers. pl.)"
PERFECT_VERB.IVSUFF_SUBJ.IVSUFF_DO:1P,verbe à l'accompli (perfectif) + suffixe sujet du verbe à l'inaccompli + suffixe clitique objet direct sur le verbe à l'inaccompli (1re pers. pl.)
PERFECT_VERB.PERFECT_VERB,verbe à l'accompli (perfectif) + verbe à l'accompli (perfectif)
PERFECT_VERB.PVSUFF_SUBJ,verbe à l'accompli (perfectif) + suffixe sujet du verbe à l'accompli
PERFECT_VERB.PVSUFF_SUBJ3P.PVSUFF_DO:1P,"verbe à l'accompli (perfectif) + suffixe sujet du verbe à l'accompli, 3e pers. pl. [coquille de notation] + suffixe clitique objet direct sur le verbe à l'accompli (1re pers. pl.)"
PERFECT_VERB.PVSUFF_SUBJ:1P,verbe à l'accompli (perfectif) + suffixe sujet du verbe à l'accompli (1re pers. pl.)
PERFECT_VERB.PVSUFF_SUBJ:1P.PVSUFF_DO:3FS,verbe à l'accompli (perfectif) + suffixe sujet du verbe à l'accompli (1re pers. pl.) + suffixe clitique objet direct sur le verbe à l'accompli (3e pers. fém. sg.)
PERFECT_VERB.PVSUFF_SUBJ:1P.PVSUFF_DO:3MP,verbe à l'accompli (perfectif) + suffixe sujet du verbe à l'accompli (1re pers. pl.) + suffixe clitique objet direct sur le verbe à l'accompli (3e pers. masc. pl.)
PERFECT_VERB.PVSUFF_SUBJ:1P.PVSUFF_DO:3MS,verbe à l'accompli (perfectif) + suffixe sujet du verbe à l'accompli (1re pers. pl.) + suffixe clitique objet direct sur le verbe à l'accompli (3e pers. masc. sg.)
PERFECT_VERB.PVSUFF_SUBJ:1S,verbe à l'accompli (perfectif) + suffixe sujet du verbe à l'accompli (1re pers. sg.)
PERFECT_VERB.PVSUFF_SUBJ:1S.NEG,verbe à l'accompli (perfectif) + suffixe sujet du verbe à l'accompli (1re pers. sg.) + marque de négation
PERFECT_VERB.PVSUFF_SUBJ:1S.PVSUFF_DO:2P,verbe à l'accompli (perfectif) + suffixe sujet du verbe à l'accompli (1re pers. sg.) + suffixe clitique objet direct sur le verbe à l'accompli (2e pers. pl.)
PERFECT_VERB.PVSUFF_SUBJ:1S.PVSUFF_DO:2S,verbe à l'accompli (perfectif) + suffixe sujet du verbe à l'accompli (1re pers. sg.) + suffixe clitique objet direct sur le verbe à l'accompli (2e pers. sg.)
PERFECT_VERB.PVSUFF_SUBJ:1S.PVSUFF_DO:3FS,verbe à l'accompli (perfectif) + suffixe sujet du verbe à l'accompli (1re pers. sg.) + suffixe clitique objet direct sur le verbe à l'accompli (3e pers. fém. sg.)
PERFECT_VERB.PVSUFF_SUBJ:1S.PVSUFF_DO:3FS.NEG,verbe à l'accompli (perfectif) + suffixe sujet du verbe à l'accompli (1re pers. sg.) + suffixe clitique objet direct sur le verbe à l'accompli (3e pers. fém. sg.) + marque de négation
PERFECT_VERB.PVSUFF_SUBJ:1S.PVSUFF_DO:3MP,verbe à l'accompli (perfectif) + suffixe sujet du verbe à l'accompli (1re pers. sg.) + suffixe clitique objet direct sur le verbe à l'accompli (3e pers. masc. pl.)
PERFECT_VERB.PVSUFF_SUBJ:1S.PVSUFF_DO:3MS,verbe à l'accompli (perfectif) + suffixe sujet du verbe à l'accompli (1re pers. sg.) + suffixe clitique objet direct sur le verbe à l'accompli (3e pers. masc. sg.)
PERFECT_VERB.PVSUFF_SUBJ:1S.Prep.PRON_2S,"verbe à l'accompli (perfectif) + suffixe sujet du verbe à l'accompli (1re pers. sg.) + préposition [variante de casse] + pronom personnel, 2e pers. sg."
PERFECT_VERB.PVSUFF_SUBJ:1S.Prep.PRON_3MF,"verbe à l'accompli (perfectif) + suffixe sujet du verbe à l'accompli (1re pers. sg.) + préposition [variante de casse] + pronom personnel, 3e pers. masc./fém. sg."
PERFECT_VERB.PVSUFF_SUBJ:1S.Prep.PRON_3MS,"verbe à l'accompli (perfectif) + suffixe sujet du verbe à l'accompli (1re pers. sg.) + préposition [variante de casse] + pronom personnel, 3e pers. masc. sg."
PERFECT_VERB.PVSUFF_SUBJ:1S.Prep.PRON_3P,"verbe à l'accompli (perfectif) + suffixe sujet du verbe à l'accompli (1re pers. sg.) + préposition [variante de casse] + pronom personnel, 3e pers. pl."
PERFECT_VERB.PVSUFF_SUBJ:2FS.PVSUFF_DO:1P,verbe à l'accompli (perfectif) + suffixe sujet du verbe à l'accompli (2e pers. fém. sg.) + suffixe clitique objet direct sur le verbe à l'accompli (1re pers. pl.)
PERFECT_VERB.PVSUFF_SUBJ:2FS.PVSUFF_DO:1S,verbe à l'accompli (perfectif) + suffixe sujet du verbe à l'accompli (2e pers. fém. sg.) + suffixe clitique objet direct sur le verbe à l'accompli (1re pers. sg.)
PERFECT_VERB.PVSUFF_SUBJ:2FS.PVSUFF_DO:3FS,verbe à l'accompli (perfectif) + suffixe sujet du verbe à l'accompli (2e pers. fém. sg.) + suffixe clitique objet direct sur le verbe à l'accompli (3e pers. fém. sg.)
PERFECT_VERB.PVSUFF_SUBJ:2FS.PVSUFF_DO:3MP,verbe à l'accompli (perfectif) + suffixe sujet du verbe à l'accompli (2e pers. fém. sg.) + suffixe clitique objet direct sur le verbe à l'accompli (3e pers. masc. pl.)
PERFECT_VERB.PVSUFF_SUBJ:2FS.PVSUFF_DO:3MS,verbe à l'accompli (perfectif) + suffixe sujet du verbe à l'accompli (2e pers. fém. sg.) + suffixe clitique objet direct sur le verbe à l'accompli (3e pers. masc. sg.)
PERFECT_VERB.PVSUFF_SUBJ:2MP.PVSUFF_DO:3FS,verbe à l'accompli (perfectif) + suffixe sujet du verbe à l'accompli (2e pers. masc. pl.) + suffixe clitique objet direct sur le verbe à l'accompli (3e pers. fém. sg.)
PERFECT_VERB.PVSUFF_SUBJ:2P,verbe à l'accompli (perfectif) + suffixe sujet du verbe à l'accompli (2e pers. pl.)
PERFECT_VERB.PVSUFF_SUBJ:2P.PVSUFF_DO:3FS,verbe à l'accompli (perfectif) + suffixe sujet du verbe à l'accompli (2e pers. pl.) + suffixe clitique objet direct sur le verbe à l'accompli (3e pers. fém. sg.)
PERFECT_VERB.PVSUFF_SUBJ:2S,verbe à l'accompli (perfectif) + suffixe sujet du verbe à l'accompli (2e pers. sg.)
PERFECT_VERB.PVSUFF_SUBJ:2S.NEG,verbe à l'accompli (perfectif) + suffixe sujet du verbe à l'accompli (2e pers. sg.) + marque de négation
PERFECT_VERB.PVSUFF_SUBJ:2S.PVSUFF_DO:1P,verbe à l'accompli (perfectif) + suffixe sujet du verbe à l'accompli (2e pers. sg.) + suffixe clitique objet direct sur le verbe à l'accompli (1re pers. pl.)
PERFECT_VERB.PVSUFF_SUBJ:2S.PVSUFF_DO:1S,verbe à l'accompli (perfectif) + suffixe sujet du verbe à l'accompli (2e pers. sg.) + suffixe clitique objet direct sur le verbe à l'accompli (1re pers. sg.)
PERFECT_VERB.PVSUFF_SUBJ:2S.PVSUFF_DO:3FS,verbe à l'accompli (perfectif) + suffixe sujet du verbe à l'accompli (2e pers. sg.) + suffixe clitique objet direct sur le verbe à l'accompli (3e pers. fém. sg.)
PERFECT_VERB.PVSUFF_SUBJ:2S.PVSUFF_DO:3MS,verbe à l'accompli (perfectif) + suffixe sujet du verbe à l'accompli (2e pers. sg.) + suffixe clitique objet direct sur le verbe à l'accompli (3e pers. masc. sg.)
PERFECT_VERB.PVSUFF_SUBJ:2S.Prep.PRON_1S,"verbe à l'accompli (perfectif) + suffixe sujet du verbe à l'accompli (2e pers. sg.) + préposition [variante de casse] + pronom personnel, 1re pers. sg."
PERFECT_VERB.PVSUFF_SUBJ:3F,verbe à l'accompli (perfectif) + suffixe sujet du verbe à l'accompli (3e pers. fém. sg.)
PERFECT_VERB.PVSUFF_SUBJ:3F.NEG,verbe à l'accompli (perfectif) + suffixe sujet du verbe à l'accompli (3e pers. fém. sg.) + marque de négation
PERFECT_VERB.PVSUFF_SUBJ:3F.PVSUFF_DO:1P,verbe à l'accompli (perfectif) + suffixe sujet du verbe à l'accompli (3e pers. fém. sg.) + suffixe clitique objet direct sur le verbe à l'accompli (1re pers. pl.)
PERFECT_VERB.PVSUFF_SUBJ:3F.PVSUFF_DO:1S,verbe à l'accompli (perfectif) + suffixe sujet du verbe à l'accompli (3e pers. fém. sg.) + suffixe clitique objet direct sur le verbe à l'accompli (1re pers. sg.)
PERFECT_VERB.PVSUFF_SUBJ:3F.PVSUFF_DO:2P,verbe à l'accompli (perfectif) + suffixe sujet du verbe à l'accompli (3e pers. fém. sg.) + suffixe clitique objet direct sur le verbe à l'accompli (2e pers. pl.)
PERFECT_VERB.PVSUFF_SUBJ:3F.PVSUFF_DO:2S,verbe à l'accompli (perfectif) + suffixe sujet du verbe à l'accompli (3e pers. fém. sg.) + suffixe clitique objet direct sur le verbe à l'accompli (2e pers. sg.)
PERFECT_VERB.PVSUFF_SUBJ:3F.PVSUFF_DO:2S.NEG,verbe à l'accompli (perfectif) + suffixe sujet du verbe à l'accompli (3e pers. fém. sg.) + suffixe clitique objet direct sur le verbe à l'accompli (2e pers. sg.) + marque de négation
PERFECT_VERB.PVSUFF_SUBJ:3F.PVSUFF_DO:3FS,verbe à l'accompli (perfectif) + suffixe sujet du verbe à l'accompli (3e pers. fém. sg.) + suffixe clitique objet direct sur le verbe à l'accompli (3e pers. fém. sg.)
PERFECT_VERB.PVSUFF_SUBJ:3F.PVSUFF_DO:3MP,verbe à l'accompli (perfectif) + suffixe sujet du verbe à l'accompli (3e pers. fém. sg.) + suffixe clitique objet direct sur le verbe à l'accompli (3e pers. masc. pl.)
PERFECT_VERB.PVSUFF_SUBJ:3F.PVSUFF_DO:3MP.NEG,verbe à l'accompli (perfectif) + suffixe sujet du verbe à l'accompli (3e pers. fém. sg.) + suffixe clitique objet direct sur le verbe à l'accompli (3e pers. masc. pl.) + marque de négation
PERFECT_VERB.PVSUFF_SUBJ:3F.PVSUFF_DO:3MS,verbe à l'accompli (perfectif) + suffixe sujet du verbe à l'accompli (3e pers. fém. sg.) + suffixe clitique objet direct sur le verbe à l'accompli (3e pers. masc. sg.)
PERFECT_VERB.PVSUFF_SUBJ:3F.Prep.PRON_1S,"verbe à l'accompli (perfectif) + suffixe sujet du verbe à l'accompli (3e pers. fém. sg.) + préposition [variante de casse] + pronom personnel, 1re pers. sg."
PERFECT_VERB.PVSUFF_SUBJ:3F.Prep.PRON_2S,"verbe à l'accompli (perfectif) + suffixe sujet du verbe à l'accompli (3e pers. fém. sg.) + préposition [variante de casse] + pronom personnel, 2e pers. sg."
PERFECT_VERB.PVSUFF_SUBJ:3F.Prep.PRON_3MF,"verbe à l'accompli (perfectif) + suffixe sujet du verbe à l'accompli (3e pers. fém. sg.) + préposition [variante de casse] + pronom personnel, 3e pers. masc./fém. sg."
PERFECT_VERB.PVSUFF_SUBJ:3F.Prep.PRON_3MS,"verbe à l'accompli (perfectif) + suffixe sujet du verbe à l'accompli (3e pers. fém. sg.) + préposition [variante de casse] + pronom personnel, 3e pers. masc. sg."
PERFECT_VERB.PVSUFF_SUBJ:3F.Prep.PRON_3P,"verbe à l'accompli (perfectif) + suffixe sujet du verbe à l'accompli (3e pers. fém. sg.) + préposition [variante de casse] + pronom personnel, 3e pers. pl."
PERFECT_VERB.PVSUFF_SUBJ:3MS,verbe à l'accompli (perfectif) + suffixe sujet du verbe à l'accompli (3e pers. masc. sg.)
PERFECT_VERB.PVSUFF_SUBJ:3MS.NEG,verbe à l'accompli (perfectif) + suffixe sujet du verbe à l'accompli (3e pers. masc. sg.) + marque de négation
PERFECT_VERB.PVSUFF_SUBJ:3MS.PVSUFF_DO:1P,verbe à l'accompli (perfectif) + suffixe sujet du verbe à l'accompli (3e pers. masc. sg.) + suffixe clitique objet direct sur le verbe à l'accompli (1re pers. pl.)
PERFECT_VERB.PVSUFF_SUBJ:3MS.PVSUFF_DO:1S,verbe à l'accompli (perfectif) + suffixe sujet du verbe à l'accompli (3e pers. masc. sg.) + suffixe clitique objet direct sur le verbe à l'accompli (1re pers. sg.)
PERFECT_VERB.PVSUFF_SUBJ:3MS.PVSUFF_DO:2S,verbe à l'accompli (perfectif) + suffixe sujet du verbe à l'accompli (3e pers. masc. sg.) + suffixe clitique objet direct sur le verbe à l'accompli (2e pers. sg.)
PERFECT_VERB.PVSUFF_SUBJ:3MS.PVSUFF_DO:3FS,verbe à l'accompli (perfectif) + suffixe sujet du verbe à l'accompli (3e pers. masc. sg.) + suffixe clitique objet direct sur le verbe à l'accompli (3e pers. fém. sg.)
PERFECT_VERB.PVSUFF_SUBJ:3MS.PVSUFF_DO:3MS,verbe à l'accompli (perfectif) + suffixe sujet du verbe à l'accompli (3e pers. masc. sg.) + suffixe clitique objet direct sur le verbe à l'accompli (3e pers. masc. sg.)
PERFECT_VERB.PVSUFF_SUBJ:3MS.PVSUFF_DO:3MS.NEG,verbe à l'accompli (perfectif) + suffixe sujet du verbe à l'accompli (3e pers. masc. sg.) + suffixe clitique objet direct sur le verbe à l'accompli (3e pers. masc. sg.) + marque de négation
PERFECT_VERB.PVSUFF_SUBJ:3MS.PVSUFF_DO:3P,verbe à l'accompli (perfectif) + suffixe sujet du verbe à l'accompli (3e pers. masc. sg.) + suffixe clitique objet direct sur le verbe à l'accompli (3e pers. pl.)
PERFECT_VERB.PVSUFF_SUBJ:3MS.Prep.PRON_1S,"verbe à l'accompli (perfectif) + suffixe sujet du verbe à l'accompli (3e pers. masc. sg.) + préposition [variante de casse] + pronom personnel, 1re pers. sg."
PERFECT_VERB.PVSUFF_SUBJ:3MS.Prep.PRON_2S,"verbe à l'accompli (perfectif) + suffixe sujet du verbe à l'accompli (3e pers. masc. sg.) + préposition [variante de casse] + pronom personnel, 2e pers. sg."
PERFECT_VERB.PVSUFF_SUBJ:3MS.Prep.PRON_3MF,"verbe à l'accompli (perfectif) + suffixe sujet du verbe à l'accompli (3e pers. masc. sg.) + préposition [variante de casse] + pronom personnel, 3e pers. masc./fém. sg."
PERFECT_VERB.PVSUFF_SUBJ:3MS.Prep.PRON_3MS,"verbe à l'accompli (perfectif) + suffixe sujet du verbe à l'accompli (3e pers. masc. sg.) + préposition [variante de casse] + pronom personnel, 3e pers. masc. sg."
PERFECT_VERB.PVSUFF_SUBJ:3MS.Prep.PRON_3P,"verbe à l'accompli (perfectif) + suffixe sujet du verbe à l'accompli (3e pers. masc. sg.) + préposition [variante de casse] + pronom personnel, 3e pers. pl."
PERFECT_VERB.PVSUFF_SUBJ:3MS.Prep.PVSUFF_DO:1P,verbe à l'accompli (perfectif) + suffixe sujet du verbe à l'accompli (3e pers. masc. sg.) + préposition [variante de casse] + suffixe clitique objet direct sur le verbe à l'accompli (1re pers. pl.)
PERFECT_VERB.PVSUFF_SUBJ:3P,verbe à l'accompli (perfectif) + suffixe sujet du verbe à l'accompli (3e pers. pl.)
PERFECT_VERB.PVSUFF_SUBJ:3P.PVSUFF_DO:1P,verbe à l'accompli (perfectif) + suffixe sujet du verbe à l'accompli (3e pers. pl.) + suffixe clitique objet direct sur le verbe à l'accompli (1re pers. pl.)
PERFECT_VERB.PVSUFF_SUBJ:3P.PVSUFF_DO:1S,verbe à l'accompli (perfectif) + suffixe sujet du verbe à l'accompli (3e pers. pl.) + suffixe clitique objet direct sur le verbe à l'accompli (1re pers. sg.)
PERFECT_VERB.PVSUFF_SUBJ:3P.PVSUFF_DO:2S,verbe à l'accompli (perfectif) + suffixe sujet du verbe à l'accompli (3e pers. pl.) + suffixe clitique objet direct sur le verbe à l'accompli (2e pers. sg.)
PERFECT_VERB.PVSUFF_SUBJ:3P.PVSUFF_DO:3FS,verbe à l'accompli (perfectif) + suffixe sujet du verbe à l'accompli (3e pers. pl.) + suffixe clitique objet direct sur le verbe à l'accompli (3e pers. fém. sg.)
PERFECT_VERB.PVSUFF_SUBJ:3P.PVSUFF_DO:3MP,verbe à l'accompli (perfectif) + suffixe sujet du verbe à l'accompli (3e pers. pl.) + suffixe clitique objet direct sur le verbe à l'accompli (3e pers. masc. pl.)
PERFECT_VERB.PVSUFF_SUBJ:3P.PVSUFF_DO:3MS,verbe à l'accompli (perfectif) + suffixe sujet du verbe à l'accompli (3e pers. pl.) + suffixe clitique objet direct sur le verbe à l'accompli (3e pers. masc. sg.)
PERFECT_VERB.PVSUFF_SUBJ:P.NEG,verbe à l'accompli (perfectif) + suffixe sujet du verbe à l'accompli (pl.) + marque de négation
PERFECT_VERB.PVSUFF_SUBJ:P.PVSUFF_DO:1P,verbe à l'accompli (perfectif) + suffixe sujet du verbe à l'accompli (pl.) + suffixe clitique objet direct sur le verbe à l'accompli (1re pers. pl.)
PERFECT_VERB.PVSUFF_SUBJ:P.PVSUFF_DO:1S,verbe à l'accompli (perfectif) + suffixe sujet du verbe à l'accompli (pl.) + suffixe clitique objet direct sur le verbe à l'accompli (1re pers. sg.)
PERFECT_VERB.PVSUFF_SUBJ:P.PVSUFF_DO:2S,verbe à l'accompli (perfectif) + suffixe sujet du verbe à l'accompli (pl.) + suffixe clitique objet direct sur le verbe à l'accompli (2e pers. sg.)
PERFECT_VERB.PVSUFF_SUBJ:P.PVSUFF_DO:3FS,verbe à l'accompli (perfectif) + suffixe sujet du verbe à l'accompli (pl.) + suffixe clitique objet direct sur le verbe à l'accompli (3e pers. fém. sg.)
PERFECT_VERB.PVSUFF_SUBJ:P.PVSUFF_DO:3MS,verbe à l'accompli (perfectif) + suffixe sujet du verbe à l'accompli (pl.) + suffixe clitique objet direct sur le verbe à l'accompli (3e pers. masc. sg.)
PERFECT_VERB.PVSUFF_SUBJ:P.PVSUFF_DO:3P,verbe à l'accompli (perfectif) + suffixe sujet du verbe à l'accompli (pl.) + suffixe clitique objet direct sur le verbe à l'accompli (3e pers. pl.)
PERFECT_VERB.PVSUFF_SUBJ:P.Prep.PRON_1S,"verbe à l'accompli (perfectif) + suffixe sujet du verbe à l'accompli (pl.) + préposition [variante de casse] + pronom personnel, 1re pers. sg."
PERFECT_VERB.SUFF_SUBJ:3MS.Prep.PRON_1S,"verbe à l'accompli (perfectif) + suffixe sujet [coquille : préfixe IV/PV manquant] (3e pers. masc. sg.) + préposition [variante de casse] + pronom personnel, 1re pers. sg."
PREP-MSA.PRON_3MS,"préposition (arabe standard, MSA) + pronom personnel, 3e pers. masc. sg."
PREP-NOUN.PRON_3P,"préposition + nom (agglutinés) + pronom personnel, 3e pers. pl."
PREP.ADJ,préposition + adjectif
PREP.ADJ-MSA,"préposition + adjectif (arabe standard, MSA)"
PREP.ADJ.NSUFF_FEM_PL,préposition + adjectif + suffixe nominal féminin pluriel
PREP.ADJ.NSUFF_FEM_SG,préposition + adjectif + suffixe nominal féminin singulier
PREP.ADJ.NSUFF_FEM_SG.POSS_PRON_1P,"préposition + adjectif + suffixe nominal féminin singulier + pronom possessif, 1re pers. pl."
PREP.ADJ.POSS_PRON_1P,"préposition + adjectif + pronom possessif, 1re pers. pl."
PREP.ADJ.POSS_PRON_3MP,"préposition + adjectif + pronom possessif, 3e pers. masc. pl."
PREP.ADV,préposition + adverbe
PREP.ADV-foreign,préposition + adverbe d'origine étrangère
PREP.ADV.POSS_PRON_1P,"préposition + adverbe + pronom possessif, 1re pers. pl."
PREP.DEM_PRON,préposition + pronom démonstratif
PREP.DEM_PRON_FS,préposition + pronom démonstratif féminin singulier
PREP.DEM_PRON_FS_MSA,"préposition + pronom démonstratif féminin singulier (arabe standard, MSA)"
PREP.DEM_PRON_MS,préposition + pronom démonstratif masculin singulier
PREP.DEM_PRON_MS_MSA,"préposition + pronom démonstratif masculin singulier (arabe standard, MSA)"
PREP.DEM_PRON_P,préposition + pronom démonstratif pluriel
PREP.DEM_PRON_S,préposition + pronom démonstratif singulier
PREP.DET-foreign.NOUN-Foreign,préposition + déterminant sur base étrangère + nom d'origine étrangère
PREP.DET.ADJ,préposition + déterminant (article défini) + adjectif
PREP.DET.ADJ-MSA,"préposition + déterminant (article défini) + adjectif (arabe standard, MSA)"
PREP.DET.ADJ-MSA.NSUFF_FEM_SG,"préposition + déterminant (article défini) + adjectif (arabe standard, MSA) + suffixe nominal féminin singulier"
PREP.DET.ADJ-MSA.NSUFF_MASC_PL,"préposition + déterminant (article défini) + adjectif (arabe standard, MSA) + suffixe nominal masculin pluriel"
PREP.DET.ADJ-foreign,préposition + déterminant (article défini) + adjectif d'origine étrangère
PREP.DET.ADJ.NSUFF_FEM_SG,préposition + déterminant (article défini) + adjectif + suffixe nominal féminin singulier
PREP.DET.ADJ_MSA,"préposition + déterminant (article défini) + adjectif (arabe standard, MSA)"
PREP.DET.NOUN,préposition + déterminant (article défini) + nom
PREP.DET.NOUN-Foreign,préposition + déterminant (article défini) + nom d'origine étrangère
PREP.DET.NOUN-Foreign.NSUFF_FEM_PL,préposition + déterminant (article défini) + nom d'origine étrangère + suffixe nominal féminin pluriel
PREP.DET.NOUN-Foreign.NSUFF_FEM_SG,préposition + déterminant (article défini) + nom d'origine étrangère + suffixe nominal féminin singulier
PREP.DET.NOUN-MSA,"préposition + déterminant (article défini) + nom (arabe standard, MSA)"
PREP.DET.NOUN-MSA.NSUFF_FEM_PL,"préposition + déterminant (article défini) + nom (arabe standard, MSA) + suffixe nominal féminin pluriel"
PREP.DET.NOUN-MSA.NSUFF_FEM_SG,"préposition + déterminant (article défini) + nom (arabe standard, MSA) + suffixe nominal féminin singulier"
PREP.DET.NOUN.NSUFF_FEM_PL,préposition + déterminant (article défini) + nom + suffixe nominal féminin pluriel
PREP.DET.NOUN.NSUFF_FEM_SG,préposition + déterminant (article défini) + nom + suffixe nominal féminin singulier
PREP.DET.NOUN.NSUFF_MASC_PL,préposition + déterminant (article défini) + nom + suffixe nominal masculin pluriel
PREP.DET.PROPN,préposition + déterminant (article défini) + nom propre
PREP.DET.PROPN.NSUFF_FEM_SG,préposition + déterminant (article défini) + nom propre + suffixe nominal féminin singulier
PREP.FUNC_WORD,préposition + mot outil / mot fonctionnel
PREP.FUNC_WORD-MSA.PRON_3FS,"préposition + mot outil / mot fonctionnel (arabe standard, MSA) + pronom personnel, 3e pers. fém. sg."
PREP.FUNC_WORD-MSA.PRON_3MP,"préposition + mot outil / mot fonctionnel (arabe standard, MSA) + pronom personnel, 3e pers. masc. pl."
PREP.FUNC_WORD.PRON_3MP,"préposition + mot outil / mot fonctionnel + pronom personnel, 3e pers. masc. pl."
PREP.INTERJ,préposition + interjection
PREP.NOUN,préposition + nom
PREP.NOUN-Foreign,préposition + nom d'origine étrangère
PREP.NOUN-Foreign.NSUFF_FEM_PL,préposition + nom d'origine étrangère + suffixe nominal féminin pluriel
PREP.NOUN-Foreign.NSUFF_FEM_SG,préposition + nom d'origine étrangère + suffixe nominal féminin singulier
PREP.NOUN-Foreign.NSUFF_FEM_SG.POSS_PRON_1S,"préposition + nom d'origine étrangère + suffixe nominal féminin singulier + pronom possessif, 1re pers. sg."
PREP.NOUN-Foreign.NSUFF_FEM_SG.POSS_PRON_2S,"préposition + nom d'origine étrangère + suffixe nominal féminin singulier + pronom possessif, 2e pers. sg."
PREP.NOUN-Foreign.NSUFF_FEM_SG.POSS_PRON_3FS,"préposition + nom d'origine étrangère + suffixe nominal féminin singulier + pronom possessif, 3e pers. fém. sg."
PREP.NOUN-Foreign.NSUFF_FEM_SG.POSS_PRON_3MP,"préposition + nom d'origine étrangère + suffixe nominal féminin singulier + pronom possessif, 3e pers. masc. pl."
PREP.NOUN-Foreign.NSUFF_FEM_SG.POSS_PRON_3MS,"préposition + nom d'origine étrangère + suffixe nominal féminin singulier + pronom possessif, 3e pers. masc. sg."
PREP.NOUN-Foreign.POSS_PRON_1S,"préposition + nom d'origine étrangère + pronom possessif, 1re pers. sg."
PREP.NOUN-Foreign.POSS_PRON_3FS,"préposition + nom d'origine étrangère + pronom possessif, 3e pers. fém. sg."
PREP.NOUN-Foreign.POSS_PRON_3MS,"préposition + nom d'origine étrangère + pronom possessif, 3e pers. masc. sg."
PREP.NOUN-MSA,"préposition + nom (arabe standard, MSA)"
PREP.NOUN-MSA-D.NSUFF_FEM_SG,"préposition + nom (arabe standard, MSA), forme déterminée + suffixe nominal féminin singulier"
PREP.NOUN-MSA.NSUFF_FEM_PL,"préposition + nom (arabe standard, MSA) + suffixe nominal féminin pluriel"
PREP.NOUN-MSA.NSUFF_FEM_PL.POSS_PRON_1S,"préposition + nom (arabe standard, MSA) + suffixe nominal féminin pluriel + pronom possessif, 1re pers. sg."
PREP.NOUN-MSA.NSUFF_FEM_SG,"préposition + nom (arabe standard, MSA) + suffixe nominal féminin singulier"
PREP.NOUN-MSA.NSUFF_FEM_SG.POSS_PRON_1S,"préposition + nom (arabe standard, MSA) + suffixe nominal féminin singulier + pronom possessif, 1re pers. sg."
PREP.NOUN-MSA.NSUFF_FEM_SG.POSS_PRON_2S,"préposition + nom (arabe standard, MSA) + suffixe nominal féminin singulier + pronom possessif, 2e pers. sg."
PREP.NOUN-MSA.NSUFF_FEM_SG.POSS_PRON_3FS,"préposition + nom (arabe standard, MSA) + suffixe nominal féminin singulier + pronom possessif, 3e pers. fém. sg."
PREP.NOUN-MSA.POSS_PRON_1S,"préposition + nom (arabe standard, MSA) + pronom possessif, 1re pers. sg."
PREP.NOUN-MSA.POSS_PRON_2S,"préposition + nom (arabe standard, MSA) + pronom possessif, 2e pers. sg."
PREP.NOUN.NSUFF_FEM_PL,préposition + nom + suffixe nominal féminin pluriel
PREP.NOUN.NSUFF_FEM_PL.POSS_PRON_1P,"préposition + nom + suffixe nominal féminin pluriel + pronom possessif, 1re pers. pl."
PREP.NOUN.NSUFF_FEM_PL.POSS_PRON_2MP,"préposition + nom + suffixe nominal féminin pluriel + pronom possessif, 2e pers. masc. pl."
PREP.NOUN.NSUFF_FEM_PL.POSS_PRON_3MS,"préposition + nom + suffixe nominal féminin pluriel + pronom possessif, 3e pers. masc. sg."
PREP.NOUN.NSUFF_FEM_SG,préposition + nom + suffixe nominal féminin singulier
PREP.NOUN.NSUFF_FEM_SG.POSS_PRON_1P,"préposition + nom + suffixe nominal féminin singulier + pronom possessif, 1re pers. pl."
PREP.NOUN.NSUFF_FEM_SG.POSS_PRON_1S,"préposition + nom + suffixe nominal féminin singulier + pronom possessif, 1re pers. sg."
PREP.NOUN.NSUFF_FEM_SG.POSS_PRON_2S,"préposition + nom + suffixe nominal féminin singulier + pronom possessif, 2e pers. sg."
PREP.NOUN.NSUFF_FEM_SG.POSS_PRON_3FS,"préposition + nom + suffixe nominal féminin singulier + pronom possessif, 3e pers. fém. sg."
PREP.NOUN.NSUFF_FEM_SG.POSS_PRON_3MP,"préposition + nom + suffixe nominal féminin singulier + pronom possessif, 3e pers. masc. pl."
PREP.NOUN.NSUFF_FEM_SG.POSS_PRON_3MS,"préposition + nom + suffixe nominal féminin singulier + pronom possessif, 3e pers. masc. sg."
PREP.NOUN.NSUFF_MASC.POSS_PRON_2S,"préposition + nom + suffixe nominal masculin + pronom possessif, 2e pers. sg."
PREP.NOUN.NSUFF_MASC.POSS_PRON_3FS,"préposition + nom + suffixe nominal masculin + pronom possessif, 3e pers. fém. sg."
PREP.NOUN.NSUFF_MASC_DU,préposition + nom + suffixe nominal masculin duel
PREP.NOUN.NSUFF_MASC_DU.POSS_PRON_1P,"préposition + nom + suffixe nominal masculin duel + pronom possessif, 1re pers. pl."
PREP.NOUN.NSUFF_MASC_DU.POSS_PRON_3FS,"préposition + nom + suffixe nominal masculin duel + pronom possessif, 3e pers. fém. sg."
PREP.NOUN.NSUFF_MASC_DU.POSS_PRON_3MS,"préposition + nom + suffixe nominal masculin duel + pronom possessif, 3e pers. masc. sg."
PREP.NOUN.POSS_PRON_1P,"préposition + nom + pronom possessif, 1re pers. pl."
PREP.NOUN.POSS_PRON_1S,"préposition + nom + pronom possessif, 1re pers. sg."
PREP.NOUN.POSS_PRON_2MP,"préposition + nom + pronom possessif, 2e pers. masc. pl."
PREP.NOUN.POSS_PRON_2S,"préposition + nom + pronom possessif, 2e pers. sg."
PREP.NOUN.POSS_PRON_3FS,"préposition + nom + pronom possessif, 3e pers. fém. sg."
PREP.NOUN.POSS_PRON_3MP,"préposition + nom + pronom possessif, 3e pers. masc. pl."
PREP.NOUN.POSS_PRON_3MS,"préposition + nom + pronom possessif, 3e pers. masc. sg."
PREP.NOUN.PRON_1S,"préposition + nom + pronom personnel, 1re pers. sg."
PREP.NOUN.PRON_2S,"préposition + nom + pronom personnel, 2e pers. sg."
PREP.NOUN.PRON_3FS,"préposition + nom + pronom personnel, 3e pers. fém. sg."
PREP.Numb-foreign,préposition + numéral d'origine étrangère
PREP.POSS_PRON_2S,"préposition + pronom possessif, 2e pers. sg."
PREP.POSS_PRON_3MP,"préposition + pronom possessif, 3e pers. masc. pl."
PREP.PRON_1P,"préposition + pronom personnel, 1re pers. pl."
PREP.PRON_1S,"préposition + pronom personnel, 1re pers. sg."
PREP.PRON_1S-NEG,préposition + pronom personnel 1re pers. sg. + marque de négation
PREP.PRON_2P,"préposition + pronom personnel, 2e pers. pl."
PREP.PRON_2S,"préposition + pronom personnel, 2e pers. sg."
PREP.PRON_3FS,"préposition + pronom personnel, 3e pers. fém. sg."
PREP.PRON_3FS.NEG,"préposition + pronom personnel, 3e pers. fém. sg. + marque de négation"
PREP.PRON_3MP,"préposition + pronom personnel, 3e pers. masc. pl."
PREP.PRON_3MP.NEG,"préposition + pronom personnel, 3e pers. masc. pl. + marque de négation"
PREP.PRON_3MS,"préposition + pronom personnel, 3e pers. masc. sg."
PREP.PRON_3P,"préposition + pronom personnel, 3e pers. pl."
PREP.PROPN,préposition + nom propre
PREP.REL_PRON,préposition + pronom relatif
PREP.REL_PRON-MSA,"préposition + pronom relatif (arabe standard, MSA)"
PRG_PART.IMPERFECT_VERB.IVSUFF_SUBJ,particule de progressif (aspect progressif) + verbe à l'inaccompli (imperfectif) + suffixe sujet du verbe à l'inaccompli
PRG_PART.IMPERFECT_VERB.IVSUFF_SUBJ.IVSUFF_DO:1S,particule de progressif (aspect progressif) + verbe à l'inaccompli (imperfectif) + suffixe sujet du verbe à l'inaccompli + suffixe clitique objet direct sur le verbe à l'inaccompli (1re pers. sg.)
PRG_PART.IMPERFECT_VERB.IVSUFF_SUBJ.IVSUFF_DO:3FS,particule de progressif (aspect progressif) + verbe à l'inaccompli (imperfectif) + suffixe sujet du verbe à l'inaccompli + suffixe clitique objet direct sur le verbe à l'inaccompli (3e pers. fém. sg.)
PRG_PART.IMPERFECT_VERB.IVSUFF_SUBJ.IVSUFF_DO:3MS,particule de progressif (aspect progressif) + verbe à l'inaccompli (imperfectif) + suffixe sujet du verbe à l'inaccompli + suffixe clitique objet direct sur le verbe à l'inaccompli (3e pers. masc. sg.)
PRG_PART.IMPERFECT_VERB.IVSUFF_SUBJ:2FS,particule de progressif (aspect progressif) + verbe à l'inaccompli (imperfectif) + suffixe sujet du verbe à l'inaccompli (2e pers. fém. sg.)
PRG_PART.IV-MSA.IVSUFF_SUBJ,"particule de progressif (aspect progressif) + marqueur de personne à l'inaccompli (arabe standard, MSA) + suffixe sujet du verbe à l'inaccompli"
PRG_PART.IV1P.IMPERFECT_VERB.IVSUFF_SUBJ:P,"particule de progressif (aspect progressif) + marqueur de personne à l'inaccompli, 1re pers. pl. + verbe à l'inaccompli (imperfectif) + suffixe sujet du verbe à l'inaccompli (pl.)"
PRG_PART.IV1P.IMPERFECT_VERB.IVSUFF_SUBJ:P.IVSUFF_DO:3FS,"particule de progressif (aspect progressif) + marqueur de personne à l'inaccompli, 1re pers. pl. + verbe à l'inaccompli (imperfectif) + suffixe sujet du verbe à l'inaccompli (pl.) + suffixe clitique objet direct sur le verbe à l'inaccompli (3e pers. fém. sg.)"
PRG_PART.IV1P.IMPERFECT_VERB_MSA.IVSUFF_SUBJ:P,"particule de progressif (aspect progressif) + marqueur de personne à l'inaccompli, 1re pers. pl. + verbe à l'inaccompli (arabe standard, MSA) + suffixe sujet du verbe à l'inaccompli (pl.)"
PRG_PART.IV1P.IV-foreign.IVSUFF_SUBJ:P,"particule de progressif (aspect progressif) + marqueur de personne à l'inaccompli, 1re pers. pl. + marqueur de personne à l'inaccompli, verbe d'origine étrangère + suffixe sujet du verbe à l'inaccompli (pl.)"
PRG_PART.IV1S.IMPERFECT_VERB.IVSUFF_SUBJ,"particule de progressif (aspect progressif) + marqueur de personne à l'inaccompli, 1re pers. sg. + verbe à l'inaccompli (imperfectif) + suffixe sujet du verbe à l'inaccompli"
PRG_PART.IV1S.IMPERFECT_VERB.IVSUFF_SUBJ.IVSUFF_DO:2MP,"particule de progressif (aspect progressif) + marqueur de personne à l'inaccompli, 1re pers. sg. + verbe à l'inaccompli (imperfectif) + suffixe sujet du verbe à l'inaccompli + suffixe clitique objet direct sur le verbe à l'inaccompli (2e pers. masc. pl.)"
PRG_PART.IV1S.IMPERFECT_VERB.IVSUFF_SUBJ.IVSUFF_DO:2S,"particule de progressif (aspect progressif) + marqueur de personne à l'inaccompli, 1re pers. sg. + verbe à l'inaccompli (imperfectif) + suffixe sujet du verbe à l'inaccompli + suffixe clitique objet direct sur le verbe à l'inaccompli (2e pers. sg.)"
PRG_PART.IV1S.IMPERFECT_VERB.IVSUFF_SUBJ.IVSUFF_DO:3FS,"particule de progressif (aspect progressif) + marqueur de personne à l'inaccompli, 1re pers. sg. + verbe à l'inaccompli (imperfectif) + suffixe sujet du verbe à l'inaccompli + suffixe clitique objet direct sur le verbe à l'inaccompli (3e pers. fém. sg.)"
PRG_PART.IV1S.IMPERFECT_VERB.IVSUFF_SUBJ.IVSUFF_DO:3MP,"particule de progressif (aspect progressif) + marqueur de personne à l'inaccompli, 1re pers. sg. + verbe à l'inaccompli (imperfectif) + suffixe sujet du verbe à l'inaccompli + suffixe clitique objet direct sur le verbe à l'inaccompli (3e pers. masc. pl.)"
PRG_PART.IV1S.IMPERFECT_VERB.IVSUFF_SUBJ.IVSUFF_DO:3MS,"particule de progressif (aspect progressif) + marqueur de personne à l'inaccompli, 1re pers. sg. + verbe à l'inaccompli (imperfectif) + suffixe sujet du verbe à l'inaccompli + suffixe clitique objet direct sur le verbe à l'inaccompli (3e pers. masc. sg.)"
PRG_PART.IV1S.IMPERFECT_VERB.IVSUFF_SUBJ.IVSUFF_DO:3S,"particule de progressif (aspect progressif) + marqueur de personne à l'inaccompli, 1re pers. sg. + verbe à l'inaccompli (imperfectif) + suffixe sujet du verbe à l'inaccompli + suffixe clitique objet direct sur le verbe à l'inaccompli (3e pers. sg.)"
PRG_PART.IV1S.IMPERFECT_VERB.IVSUFF_SUBJ.Prep.PRON_2P,"particule de progressif (aspect progressif) + marqueur de personne à l'inaccompli, 1re pers. sg. + verbe à l'inaccompli (imperfectif) + suffixe sujet du verbe à l'inaccompli + préposition [variante de casse] + pronom personnel, 2e pers. pl."
PRG_PART.IV1S.IMPERFECT_VERB.IVSUFF_SUBJ.Prep.PRON_3MF,"particule de progressif (aspect progressif) + marqueur de personne à l'inaccompli, 1re pers. sg. + verbe à l'inaccompli (imperfectif) + suffixe sujet du verbe à l'inaccompli + préposition [variante de casse] + pronom personnel, 3e pers. masc./fém. sg."
PRG_PART.IV1S.IMPERFECT_VERB.IVSUFF_SUBJ.Prep.PRON_3MS,"particule de progressif (aspect progressif) + marqueur de personne à l'inaccompli, 1re pers. sg. + verbe à l'inaccompli (imperfectif) + suffixe sujet du verbe à l'inaccompli + préposition [variante de casse] + pronom personnel, 3e pers. masc. sg."
PRG_PART.IV1S.IMPERFECT_VERB_MSA.IVSUFF_SUBJ,"particule de progressif (aspect progressif) + marqueur de personne à l'inaccompli, 1re pers. sg. + verbe à l'inaccompli (arabe standard, MSA) + suffixe sujet du verbe à l'inaccompli"
PRG_PART.IV1S.IMPERFECT_VERB_MSA.IVSUFF_SUBJ.IVSUFF_DO:3FS,"particule de progressif (aspect progressif) + marqueur de personne à l'inaccompli, 1re pers. sg. + verbe à l'inaccompli (arabe standard, MSA) + suffixe sujet du verbe à l'inaccompli + suffixe clitique objet direct sur le verbe à l'inaccompli (3e pers. fém. sg.)"
PRG_PART.IV1S.IV-foreign.IVSUFF_SUBJ,"particule de progressif (aspect progressif) + marqueur de personne à l'inaccompli, 1re pers. sg. + marqueur de personne à l'inaccompli, verbe d'origine étrangère + suffixe sujet du verbe à l'inaccompli"
PRG_PART.IV1S.IV-foreign.IVSUFF_SUBJ.IVSUFF_DO:3MS,"particule de progressif (aspect progressif) + marqueur de personne à l'inaccompli, 1re pers. sg. + marqueur de personne à l'inaccompli, verbe d'origine étrangère + suffixe sujet du verbe à l'inaccompli + suffixe clitique objet direct sur le verbe à l'inaccompli (3e pers. masc. sg.)"
PRG_PART.IV1S.NOUN-Foreign.IVSUFF_SUBJ,"particule de progressif (aspect progressif) + marqueur de personne à l'inaccompli, 1re pers. sg. + nom d'origine étrangère + suffixe sujet du verbe à l'inaccompli"
PRG_PART.IV1S.V-foreign.IVSUFF_SUBJ,"particule de progressif (aspect progressif) + marqueur de personne à l'inaccompli, 1re pers. sg. + verbe conjugué d'origine étrangère + suffixe sujet du verbe à l'inaccompli"
PRG_PART.IV2.IMPERFECT_VERB.IVSUFF_SUBJ.IVSUFF_DO:1S,"particule de progressif (aspect progressif) + marqueur de personne à l'inaccompli, 2e pers. + verbe à l'inaccompli (imperfectif) + suffixe sujet du verbe à l'inaccompli + suffixe clitique objet direct sur le verbe à l'inaccompli (1re pers. sg.)"
PRG_PART.IV2.IMPERFECT_VERB.IVSUFF_SUBJ:2FS,"particule de progressif (aspect progressif) + marqueur de personne à l'inaccompli, 2e pers. + verbe à l'inaccompli (imperfectif) + suffixe sujet du verbe à l'inaccompli (2e pers. fém. sg.)"
PRG_PART.IV2FS.IMPERFECT_VERB.IVSUFF_SUBJ:2FS,"particule de progressif (aspect progressif) + marqueur de personne à l'inaccompli, 2e pers. fém. sg. + verbe à l'inaccompli (imperfectif) + suffixe sujet du verbe à l'inaccompli (2e pers. fém. sg.)"
PRG_PART.IV2FS.IMPERFECT_VERB.IVSUFF_SUBJ:2FS.IVSUFF_DO:1S,"particule de progressif (aspect progressif) + marqueur de personne à l'inaccompli, 2e pers. fém. sg. + verbe à l'inaccompli (imperfectif) + suffixe sujet du verbe à l'inaccompli (2e pers. fém. sg.) + suffixe clitique objet direct sur le verbe à l'inaccompli (1re pers. sg.)"
PRG_PART.IV2FS.IMPERFECT_VERB.IVSUFF_SUBJ:2FS.IVSUFF_DO:3MP,"particule de progressif (aspect progressif) + marqueur de personne à l'inaccompli, 2e pers. fém. sg. + verbe à l'inaccompli (imperfectif) + suffixe sujet du verbe à l'inaccompli (2e pers. fém. sg.) + suffixe clitique objet direct sur le verbe à l'inaccompli (3e pers. masc. pl.)"
PRG_PART.IV2P.IMPERFECT_VERB.IVSUFF_SUBJ:P,"particule de progressif (aspect progressif) + marqueur de personne à l'inaccompli, 2e pers. pl. + verbe à l'inaccompli (imperfectif) + suffixe sujet du verbe à l'inaccompli (pl.)"
PRG_PART.IV2S.IMPERFECT_VERB.IVSUFF_SUBJ,"particule de progressif (aspect progressif) + marqueur de personne à l'inaccompli, 2e pers. sg. + verbe à l'inaccompli (imperfectif) + suffixe sujet du verbe à l'inaccompli"
PRG_PART.IV2S.IMPERFECT_VERB.IVSUFF_SUBJ.IVSUFF_DO:1S,"particule de progressif (aspect progressif) + marqueur de personne à l'inaccompli, 2e pers. sg. + verbe à l'inaccompli (imperfectif) + suffixe sujet du verbe à l'inaccompli + suffixe clitique objet direct sur le verbe à l'inaccompli (1re pers. sg.)"
PRG_PART.IV2S.IMPERFECT_VERB.IVSUFF_SUBJ.IVSUFF_DO:3FS,"particule de progressif (aspect progressif) + marqueur de personne à l'inaccompli, 2e pers. sg. + verbe à l'inaccompli (imperfectif) + suffixe sujet du verbe à l'inaccompli + suffixe clitique objet direct sur le verbe à l'inaccompli (3e pers. fém. sg.)"
PRG_PART.IV2S.IMPERFECT_VERB.IVSUFF_SUBJ.IVSUFF_DO:3MP,"particule de progressif (aspect progressif) + marqueur de personne à l'inaccompli, 2e pers. sg. + verbe à l'inaccompli (imperfectif) + suffixe sujet du verbe à l'inaccompli + suffixe clitique objet direct sur le verbe à l'inaccompli (3e pers. masc. pl.)"
PRG_PART.IV2S.IMPERFECT_VERB.IVSUFF_SUBJ.IVSUFF_DO:3MS,"particule de progressif (aspect progressif) + marqueur de personne à l'inaccompli, 2e pers. sg. + verbe à l'inaccompli (imperfectif) + suffixe sujet du verbe à l'inaccompli + suffixe clitique objet direct sur le verbe à l'inaccompli (3e pers. masc. sg.)"
PRG_PART.IV2S.IMPERFECT_VERB.IVSUFF_SUBJ:2FS,"particule de progressif (aspect progressif) + marqueur de personne à l'inaccompli, 2e pers. sg. + verbe à l'inaccompli (imperfectif) + suffixe sujet du verbe à l'inaccompli (2e pers. fém. sg.)"
PRG_PART.IV2S.IV-foreign.IVSUFF_SUBJ,"particule de progressif (aspect progressif) + marqueur de personne à l'inaccompli, 2e pers. sg. + marqueur de personne à l'inaccompli, verbe d'origine étrangère + suffixe sujet du verbe à l'inaccompli"
PRG_PART.IV3FS.IMPERFECT_VERB.IVSUFF_SUBJ,"particule de progressif (aspect progressif) + marqueur de personne à l'inaccompli, 3e pers. fém. sg. + verbe à l'inaccompli (imperfectif) + suffixe sujet du verbe à l'inaccompli"
PRG_PART.IV3FS.IMPERFECT_VERB.IVSUFF_SUBJ.CVSUFF_DO:1S,"particule de progressif (aspect progressif) + marqueur de personne à l'inaccompli, 3e pers. fém. sg. + verbe à l'inaccompli (imperfectif) + suffixe sujet du verbe à l'inaccompli + suffixe clitique objet direct sur le verbe à l'impératif (1re pers. sg.)"
PRG_PART.IV3FS.IMPERFECT_VERB.IVSUFF_SUBJ.IVSUFF_DO:1P,"particule de progressif (aspect progressif) + marqueur de personne à l'inaccompli, 3e pers. fém. sg. + verbe à l'inaccompli (imperfectif) + suffixe sujet du verbe à l'inaccompli + suffixe clitique objet direct sur le verbe à l'inaccompli (1re pers. pl.)"
PRG_PART.IV3FS.IMPERFECT_VERB.IVSUFF_SUBJ.IVSUFF_DO:1S,"particule de progressif (aspect progressif) + marqueur de personne à l'inaccompli, 3e pers. fém. sg. + verbe à l'inaccompli (imperfectif) + suffixe sujet du verbe à l'inaccompli + suffixe clitique objet direct sur le verbe à l'inaccompli (1re pers. sg.)"
PRG_PART.IV3FS.IMPERFECT_VERB.IVSUFF_SUBJ.IVSUFF_DO:3FS,"particule de progressif (aspect progressif) + marqueur de personne à l'inaccompli, 3e pers. fém. sg. + verbe à l'inaccompli (imperfectif) + suffixe sujet du verbe à l'inaccompli + suffixe clitique objet direct sur le verbe à l'inaccompli (3e pers. fém. sg.)"
PRG_PART.IV3FS.IMPERFECT_VERB.IVSUFF_SUBJ.IVSUFF_DO:3MS,"particule de progressif (aspect progressif) + marqueur de personne à l'inaccompli, 3e pers. fém. sg. + verbe à l'inaccompli (imperfectif) + suffixe sujet du verbe à l'inaccompli + suffixe clitique objet direct sur le verbe à l'inaccompli (3e pers. masc. sg.)"
PRG_PART.IV3FS.IMPERFECT_VERB.IVSUFF_SUBJ.IVSUFF_DO:3S,"particule de progressif (aspect progressif) + marqueur de personne à l'inaccompli, 3e pers. fém. sg. + verbe à l'inaccompli (imperfectif) + suffixe sujet du verbe à l'inaccompli + suffixe clitique objet direct sur le verbe à l'inaccompli (3e pers. sg.)"
PRG_PART.IV3FS.IMPERFECT_VERB.IVSUFF_SUBJ.Prep.PRON_1S,"particule de progressif (aspect progressif) + marqueur de personne à l'inaccompli, 3e pers. fém. sg. + verbe à l'inaccompli (imperfectif) + suffixe sujet du verbe à l'inaccompli + préposition [variante de casse] + pronom personnel, 1re pers. sg."
PRG_PART.IV3FS.IMPERFECT_VERB_MSA.IVSUFF_SUBJ,"particule de progressif (aspect progressif) + marqueur de personne à l'inaccompli, 3e pers. fém. sg. + verbe à l'inaccompli (arabe standard, MSA) + suffixe sujet du verbe à l'inaccompli"
PRG_PART.IV3FS.IV-foreign.IVSUFF_SUBJ,"particule de progressif (aspect progressif) + marqueur de personne à l'inaccompli, 3e pers. fém. sg. + marqueur de personne à l'inaccompli, verbe d'origine étrangère + suffixe sujet du verbe à l'inaccompli"
PRG_PART.IV3FS.IV-foreign.IVSUFF_SUBJ.Prep.PRON_1S,"particule de progressif (aspect progressif) + marqueur de personne à l'inaccompli, 3e pers. fém. sg. + marqueur de personne à l'inaccompli, verbe d'origine étrangère + suffixe sujet du verbe à l'inaccompli + préposition [variante de casse] + pronom personnel, 1re pers. sg."
PRG_PART.IV3MS.IMPERFECT_VERB.IVSUFF_SUBJ,"particule de progressif (aspect progressif) + marqueur de personne à l'inaccompli, 3e pers. masc. sg. + verbe à l'inaccompli (imperfectif) + suffixe sujet du verbe à l'inaccompli"
PRG_PART.IV3MS.IMPERFECT_VERB.IVSUFF_SUBJ.IVSUFF_DO:1P,"particule de progressif (aspect progressif) + marqueur de personne à l'inaccompli, 3e pers. masc. sg. + verbe à l'inaccompli (imperfectif) + suffixe sujet du verbe à l'inaccompli + suffixe clitique objet direct sur le verbe à l'inaccompli (1re pers. pl.)"
PRG_PART.IV3MS.IMPERFECT_VERB.IVSUFF_SUBJ.IVSUFF_DO:1S,"particule de progressif (aspect progressif) + marqueur de personne à l'inaccompli, 3e pers. masc. sg. + verbe à l'inaccompli (imperfectif) + suffixe sujet du verbe à l'inaccompli + suffixe clitique objet direct sur le verbe à l'inaccompli (1re pers. sg.)"
PRG_PART.IV3MS.IMPERFECT_VERB.IVSUFF_SUBJ.IVSUFF_DO:2S,"particule de progressif (aspect progressif) + marqueur de personne à l'inaccompli, 3e pers. masc. sg. + verbe à l'inaccompli (imperfectif) + suffixe sujet du verbe à l'inaccompli + suffixe clitique objet direct sur le verbe à l'inaccompli (2e pers. sg.)"
PRG_PART.IV3MS.IMPERFECT_VERB.IVSUFF_SUBJ.IVSUFF_DO:3FS,"particule de progressif (aspect progressif) + marqueur de personne à l'inaccompli, 3e pers. masc. sg. + verbe à l'inaccompli (imperfectif) + suffixe sujet du verbe à l'inaccompli + suffixe clitique objet direct sur le verbe à l'inaccompli (3e pers. fém. sg.)"
PRG_PART.IV3MS.IMPERFECT_VERB.IVSUFF_SUBJ.IVSUFF_DO:3MP,"particule de progressif (aspect progressif) + marqueur de personne à l'inaccompli, 3e pers. masc. sg. + verbe à l'inaccompli (imperfectif) + suffixe sujet du verbe à l'inaccompli + suffixe clitique objet direct sur le verbe à l'inaccompli (3e pers. masc. pl.)"
PRG_PART.IV3MS.IMPERFECT_VERB.IVSUFF_SUBJ.IVSUFF_DO:3MS,"particule de progressif (aspect progressif) + marqueur de personne à l'inaccompli, 3e pers. masc. sg. + verbe à l'inaccompli (imperfectif) + suffixe sujet du verbe à l'inaccompli + suffixe clitique objet direct sur le verbe à l'inaccompli (3e pers. masc. sg.)"
PRG_PART.IV3MS.IMPERFECT_VERB.IVSUFF_SUBJ.Prep.PRON_1S,"particule de progressif (aspect progressif) + marqueur de personne à l'inaccompli, 3e pers. masc. sg. + verbe à l'inaccompli (imperfectif) + suffixe sujet du verbe à l'inaccompli + préposition [variante de casse] + pronom personnel, 1re pers. sg."
PRG_PART.IV3MS.IMPERFECT_VERB.IVSUFF_SUBJ.Prep.PRON_2S,"particule de progressif (aspect progressif) + marqueur de personne à l'inaccompli, 3e pers. masc. sg. + verbe à l'inaccompli (imperfectif) + suffixe sujet du verbe à l'inaccompli + préposition [variante de casse] + pronom personnel, 2e pers. sg."
PRG_PART.IV3MS.IMPERFECT_VERB.IVSUFF_SUBJ:2FS.IVSUFF_DO:3MS,"particule de progressif (aspect progressif) + marqueur de personne à l'inaccompli, 3e pers. masc. sg. + verbe à l'inaccompli (imperfectif) + suffixe sujet du verbe à l'inaccompli (2e pers. fém. sg.) + suffixe clitique objet direct sur le verbe à l'inaccompli (3e pers. masc. sg.)"
PRG_PART.IV3MS.IMPERFECT_VERB.IVSUFF_SUBJ:P,"particule de progressif (aspect progressif) + marqueur de personne à l'inaccompli, 3e pers. masc. sg. + verbe à l'inaccompli (imperfectif) + suffixe sujet du verbe à l'inaccompli (pl.)"
PRG_PART.IV3MS.IMPERFECT_VERB_MSA.IVSUFF_SUBJ,"particule de progressif (aspect progressif) + marqueur de personne à l'inaccompli, 3e pers. masc. sg. + verbe à l'inaccompli (arabe standard, MSA) + suffixe sujet du verbe à l'inaccompli"
PRG_PART.IV3MS.IMPERFECT_VERB_MSA.IVSUFF_SUBJ.IVSUFF_DO:1S,"particule de progressif (aspect progressif) + marqueur de personne à l'inaccompli, 3e pers. masc. sg. + verbe à l'inaccompli (arabe standard, MSA) + suffixe sujet du verbe à l'inaccompli + suffixe clitique objet direct sur le verbe à l'inaccompli (1re pers. sg.)"
PRG_PART.IV3MS.IMPERFECT_VERB_MSA.IVSUFF_SUBJ.IVSUFF_DO:2S,"particule de progressif (aspect progressif) + marqueur de personne à l'inaccompli, 3e pers. masc. sg. + verbe à l'inaccompli (arabe standard, MSA) + suffixe sujet du verbe à l'inaccompli + suffixe clitique objet direct sur le verbe à l'inaccompli (2e pers. sg.)"
PRG_PART.IV3MS.IMPERFECT_VERB_MSA.IVSUFF_SUBJ.IVSUFF_DO:3FS,"particule de progressif (aspect progressif) + marqueur de personne à l'inaccompli, 3e pers. masc. sg. + verbe à l'inaccompli (arabe standard, MSA) + suffixe sujet du verbe à l'inaccompli + suffixe clitique objet direct sur le verbe à l'inaccompli (3e pers. fém. sg.)"
PRG_PART.IV3MS.IV-foreign.IVSUFF_SUBJ,"particule de progressif (aspect progressif) + marqueur de personne à l'inaccompli, 3e pers. masc. sg. + marqueur de personne à l'inaccompli, verbe d'origine étrangère + suffixe sujet du verbe à l'inaccompli"
PRG_PART.IV3P.IMPERFECT_VERB.IVSUFF_SUBJ:P,"particule de progressif (aspect progressif) + marqueur de personne à l'inaccompli, 3e pers. pl. + verbe à l'inaccompli (imperfectif) + suffixe sujet du verbe à l'inaccompli (pl.)"
PRG_PART.IV3P.IMPERFECT_VERB.IVSUFF_SUBJ:P.IVSUFF_DO:1P,"particule de progressif (aspect progressif) + marqueur de personne à l'inaccompli, 3e pers. pl. + verbe à l'inaccompli (imperfectif) + suffixe sujet du verbe à l'inaccompli (pl.) + suffixe clitique objet direct sur le verbe à l'inaccompli (1re pers. pl.)"
PRG_PART.IV3P.IMPERFECT_VERB.IVSUFF_SUBJ:P.IVSUFF_DO:1S,"particule de progressif (aspect progressif) + marqueur de personne à l'inaccompli, 3e pers. pl. + verbe à l'inaccompli (imperfectif) + suffixe sujet du verbe à l'inaccompli (pl.) + suffixe clitique objet direct sur le verbe à l'inaccompli (1re pers. sg.)"
PRG_PART.IV3P.IMPERFECT_VERB.IVSUFF_SUBJ:P.IVSUFF_DO:3FS,"particule de progressif (aspect progressif) + marqueur de personne à l'inaccompli, 3e pers. pl. + verbe à l'inaccompli (imperfectif) + suffixe sujet du verbe à l'inaccompli (pl.) + suffixe clitique objet direct sur le verbe à l'inaccompli (3e pers. fém. sg.)"
PRG_PART.IV3P.IMPERFECT_VERB.IVSUFF_SUBJ:P.IVSUFF_DO:3MS,"particule de progressif (aspect progressif) + marqueur de personne à l'inaccompli, 3e pers. pl. + verbe à l'inaccompli (imperfectif) + suffixe sujet du verbe à l'inaccompli (pl.) + suffixe clitique objet direct sur le verbe à l'inaccompli (3e pers. masc. sg.)"
PRG_PART.IV3P.IMPERFECT_VERB.IVSUFF_SUBJ:P.IVSUFF_DO:3P,"particule de progressif (aspect progressif) + marqueur de personne à l'inaccompli, 3e pers. pl. + verbe à l'inaccompli (imperfectif) + suffixe sujet du verbe à l'inaccompli (pl.) + suffixe clitique objet direct sur le verbe à l'inaccompli (3e pers. pl.)"
PRG_PART.IV3P.IMPERFECT_VERB.IVSUFF_SUBJ:P.Prep.PRON_1S,"particule de progressif (aspect progressif) + marqueur de personne à l'inaccompli, 3e pers. pl. + verbe à l'inaccompli (imperfectif) + suffixe sujet du verbe à l'inaccompli (pl.) + préposition [variante de casse] + pronom personnel, 1re pers. sg."
PRG_PART.IV3P.V-MSA.IVSUFF_SUBJ:P,"particule de progressif (aspect progressif) + marqueur de personne à l'inaccompli, 3e pers. pl. + verbe conjugué (arabe standard, MSA) + suffixe sujet du verbe à l'inaccompli (pl.)"
PRG_PART.IV3P.V-foreign.IVSUFF_SUBJ:P,"particule de progressif (aspect progressif) + marqueur de personne à l'inaccompli, 3e pers. pl. + verbe conjugué d'origine étrangère + suffixe sujet du verbe à l'inaccompli (pl.)"
PRONOUN.PRON_1S,"pronom + pronom personnel, 1re pers. sg."
PRONOUN.PRON_3MS,"pronom + pronom personnel, 3e pers. masc. sg."
PROPN.NSUFF_FEM_SG,nom propre + suffixe nominal féminin singulier
PROPN.NSUFF_FEM_SG.POSS_PRON_1S,"nom propre + suffixe nominal féminin singulier + pronom possessif, 1re pers. sg."
PROPN.NSUFF_MASC_PL,nom propre + suffixe nominal masculin pluriel
PROPN.POSS_PRON_1S,"nom propre + pronom possessif, 1re pers. sg."
PROPN.POSS_PRON_2S,"nom propre + pronom possessif, 2e pers. sg."
PROSTHETIC_PART.IV1P.IMPERFECT_VERB.IVSUFF_SUBJ:P,"particule prosthétique (voyelle d'appui) + marqueur de personne à l'inaccompli, 1re pers. pl. + verbe à l'inaccompli (imperfectif) + suffixe sujet du verbe à l'inaccompli (pl.)"
PROSTHETIC_PART.IV1S.IMPERFECT_VERB.IVSUFF_SUBJ,"particule prosthétique (voyelle d'appui) + marqueur de personne à l'inaccompli, 1re pers. sg. + verbe à l'inaccompli (imperfectif) + suffixe sujet du verbe à l'inaccompli"
PROSTHETIC_PART.IV1S.IMPERFECT_VERB.IVSUFF_SUBJ.IVSUFF_DO:2S,"particule prosthétique (voyelle d'appui) + marqueur de personne à l'inaccompli, 1re pers. sg. + verbe à l'inaccompli (imperfectif) + suffixe sujet du verbe à l'inaccompli + suffixe clitique objet direct sur le verbe à l'inaccompli (2e pers. sg.)"
PROSTHETIC_PART.IV1S.IMPERFECT_VERB.IVSUFF_SUBJ.IVSUFF_DO:3FS,"particule prosthétique (voyelle d'appui) + marqueur de personne à l'inaccompli, 1re pers. sg. + verbe à l'inaccompli (imperfectif) + suffixe sujet du verbe à l'inaccompli + suffixe clitique objet direct sur le verbe à l'inaccompli (3e pers. fém. sg.)"
PROSTHETIC_PART.IV1S.IMPERFECT_VERB.IVSUFF_SUBJ.IVSUFF_DO:3MS,"particule prosthétique (voyelle d'appui) + marqueur de personne à l'inaccompli, 1re pers. sg. + verbe à l'inaccompli (imperfectif) + suffixe sujet du verbe à l'inaccompli + suffixe clitique objet direct sur le verbe à l'inaccompli (3e pers. masc. sg.)"
PROSTHETIC_PART.IV2FS.IMPERFECT_VERB.IVSUFF_SUBJ:2FS,"particule prosthétique (voyelle d'appui) + marqueur de personne à l'inaccompli, 2e pers. fém. sg. + verbe à l'inaccompli (imperfectif) + suffixe sujet du verbe à l'inaccompli (2e pers. fém. sg.)"
PROSTHETIC_PART.IV2S.IMPERFECT_VERB.IVSUFF_SUBJ,"particule prosthétique (voyelle d'appui) + marqueur de personne à l'inaccompli, 2e pers. sg. + verbe à l'inaccompli (imperfectif) + suffixe sujet du verbe à l'inaccompli"
PROSTHETIC_PART.IV3FS.IMPERFECT_VERB.IVSUFF_SUBJ,"particule prosthétique (voyelle d'appui) + marqueur de personne à l'inaccompli, 3e pers. fém. sg. + verbe à l'inaccompli (imperfectif) + suffixe sujet du verbe à l'inaccompli"
PROSTHETIC_PART.IV3MS.IMPERFECT_VERB.IVSUFF_SUBJ,"particule prosthétique (voyelle d'appui) + marqueur de personne à l'inaccompli, 3e pers. masc. sg. + verbe à l'inaccompli (imperfectif) + suffixe sujet du verbe à l'inaccompli"
PROSTHETIC_PART.IV3MS.IMPERFECT_VERB.IVSUFF_SUBJ.IVSUFF_DO:1P,"particule prosthétique (voyelle d'appui) + marqueur de personne à l'inaccompli, 3e pers. masc. sg. + verbe à l'inaccompli (imperfectif) + suffixe sujet du verbe à l'inaccompli + suffixe clitique objet direct sur le verbe à l'inaccompli (1re pers. pl.)"
PROSTHETIC_PART.IV3P.IMPERFECT_VERB.IVSUFF_SUBJ:P,"particule prosthétique (voyelle d'appui) + marqueur de personne à l'inaccompli, 3e pers. pl. + verbe à l'inaccompli (imperfectif) + suffixe sujet du verbe à l'inaccompli (pl.)"
PV-MSA.PVSUFF_SUBJ:1P,"verbe à l'accompli (arabe standard, MSA) + suffixe sujet du verbe à l'accompli (1re pers. pl.)"
PV-MSA.PVSUFF_SUBJ:1S,"verbe à l'accompli (arabe standard, MSA) + suffixe sujet du verbe à l'accompli (1re pers. sg.)"
PV-MSA.PVSUFF_SUBJ:3MS,"verbe à l'accompli (arabe standard, MSA) + suffixe sujet du verbe à l'accompli (3e pers. masc. sg.)"
PV-MSA.PVSUFF_SUBJ:3P,"verbe à l'accompli (arabe standard, MSA) + suffixe sujet du verbe à l'accompli (3e pers. pl.)"
PV-foreign.PVSUFF_SUBJ:1P.PVSUFF_DO:3FS,"verbe à l'accompli, forme étrangère + suffixe sujet du verbe à l'accompli (1re pers. pl.) + suffixe clitique objet direct sur le verbe à l'accompli (3e pers. fém. sg.)"
PV-foreign.PVSUFF_SUBJ:1S,"verbe à l'accompli, forme étrangère + suffixe sujet du verbe à l'accompli (1re pers. sg.)"
PV-foreign.PVSUFF_SUBJ:1S.Prep.PRON_2S,"verbe à l'accompli, forme étrangère + suffixe sujet du verbe à l'accompli (1re pers. sg.) + préposition [variante de casse] + pronom personnel, 2e pers. sg."
PV-foreign.PVSUFF_SUBJ:2S,"verbe à l'accompli, forme étrangère + suffixe sujet du verbe à l'accompli (2e pers. sg.)"
PV-foreign.PVSUFF_SUBJ:3F,"verbe à l'accompli, forme étrangère + suffixe sujet du verbe à l'accompli (3e pers. fém. sg.)"
PV-foreign.PVSUFF_SUBJ:3MS,"verbe à l'accompli, forme étrangère + suffixe sujet du verbe à l'accompli (3e pers. masc. sg.)"
PV-foreign.PVSUFF_SUBJ:3MS.PVSUFF_DO:1S,"verbe à l'accompli, forme étrangère + suffixe sujet du verbe à l'accompli (3e pers. masc. sg.) + suffixe clitique objet direct sur le verbe à l'accompli (1re pers. sg.)"
PV-foreign.PVSUFF_SUBJ:3P,"verbe à l'accompli, forme étrangère + suffixe sujet du verbe à l'accompli (3e pers. pl.)"
SUBJUNC.IV3MS.IMPERFECT_VERB_MSA.IVSUFF_SUBJ.IVSUFF_DO:3MS,"mode subjonctif + marqueur de personne à l'inaccompli, 3e pers. masc. sg. + verbe à l'inaccompli (arabe standard, MSA) + suffixe sujet du verbe à l'inaccompli + suffixe clitique objet direct sur le verbe à l'inaccompli (3e pers. masc. sg.)"
V-MSA.PVSUFF_SUBJ:1S,"verbe conjugué (arabe standard, MSA) + suffixe sujet du verbe à l'accompli (1re pers. sg.)"
V-MSA.PVSUFF_SUBJ:3MS,"verbe conjugué (arabe standard, MSA) + suffixe sujet du verbe à l'accompli (3e pers. masc. sg.)"
V-foreign.PVSUFF_SUBJ:1S,verbe conjugué d'origine étrangère + suffixe sujet du verbe à l'accompli (1re pers. sg.)
V-foreign.PVSUFF_SUBJ:2FS.PVSUFF_DO:1S,verbe conjugué d'origine étrangère + suffixe sujet du verbe à l'accompli (2e pers. fém. sg.) + suffixe clitique objet direct sur le verbe à l'accompli (1re pers. sg.)
V-foreign.PVSUFF_SUBJ:2S,verbe conjugué d'origine étrangère + suffixe sujet du verbe à l'accompli (2e pers. sg.)
V-foreign.PVSUFF_SUBJ:3F,verbe conjugué d'origine étrangère + suffixe sujet du verbe à l'accompli (3e pers. fém. sg.)
V-foreign.PVSUFF_SUBJ:3MS,verbe conjugué d'origine étrangère + suffixe sujet du verbe à l'accompli (3e pers. masc. sg.)
V-foreign.PVSUFF_SUBJ:3P,verbe conjugué d'origine étrangère + suffixe sujet du verbe à l'accompli (3e pers. pl.)
VOC_PART.DEM_PRON_FS,particule vocative + pronom démonstratif féminin singulier
VOC_PART.NOUN.NSUFF_FEM_SG,particule vocative + nom + suffixe nominal féminin singulier
VOC_PART.NOUN.NSUFF_FEM_SG.POSS_PRON_1S,"particule vocative + nom + suffixe nominal féminin singulier + pronom possessif, 1re pers. sg."
VOC_PART.NOUN.POSS_PRON_1S,"particule vocative + nom + pronom possessif, 1re pers. sg."
VOC_PART.PROPN,particule vocative + nom propre
VOC_PART.PROPN.POSS_PRON_1S,"particule vocative + nom propre + pronom possessif, 1re pers. sg."
